date,open,high,low,close
2005-01-03,82.024826,82.159783,80.904713,81.174622
2005-01-04,81.282579,81.336562,79.919550,80.182709
2005-01-05,80.121949,80.466083,79.622623,79.629372
2005-01-06,79.919516,80.398601,79.798058,80.034225
2005-01-07,80.277167,80.452608,79.710359,79.919540
2005-01-10,79.852060,80.607802,79.852060,80.297409
2005-01-11,80.054480,80.121956,79.615880,79.744087
2005-01-12,79.892546,80.189441,79.298747,80.007256
2005-01-13,80.054510,80.115242,79.285275,79.366249
2005-01-14,79.602414,79.980283,79.460713,79.784599
2005-01-18,79.656371,80.715756,79.588890,80.614540
2005-01-19,80.587549,80.648275,79.764331,79.771080
2005-01-20,79.548430,79.757606,79.143570,79.285271
2005-01-21,79.480940,79.622641,78.711705,78.799423
2005-01-24,79.008589,79.177281,78.522760,78.644218
2005-01-25,78.887153,79.265021,78.758945,78.866905
2005-01-26,79.163807,79.352742,78.974873,79.103081
2005-01-27,79.076087,79.453955,78.934386,79.238029
2005-01-28,79.278514,79.319004,78.684720,79.238029
2005-01-31,79.588900,79.791333,79.426957,79.730606
2005-02-01,79.791322,80.351381,79.690106,80.236671
2005-02-02,80.337845,80.695471,80.229885,80.479546
2005-02-03,80.337900,80.405381,80.007265,80.270424
2005-02-04,80.297459,81.262378,80.283965,81.127426
2005-02-07,81.140837,81.323022,80.945154,81.019379
2005-02-08,81.086877,81.410768,81.019402,81.113869
2005-02-09,81.255562,81.302795,80.466084,80.506569
2005-02-10,80.742791,80.985703,80.472882,80.796768
2005-02-11,80.769751,81.673943,80.607808,81.491753
2005-02-14,81.437741,81.552451,81.296041,81.430992
2005-02-15,81.511995,81.937097,81.431021,81.734665
2005-02-16,81.599701,81.957327,81.424260,81.788635
2005-02-17,81.802195,81.869671,81.120677,81.127426
2005-02-18,81.134082,81.296030,80.904663,81.235298
2005-02-22,80.904674,81.289291,80.013980,80.027473
2005-02-23,80.250212,80.682064,80.041036,80.601089
2005-02-24,80.459379,81.188130,80.283943,81.134148
2005-02-25,81.154355,82.099031,81.093628,81.937088
2005-02-28,81.748160,81.849376,80.999167,81.397278
2005-03-01,81.525436,81.997772,81.498445,81.802094
2005-03-02,81.485028,82.274506,81.410803,81.761681
2005-03-03,82.092272,82.254214,81.444490,81.795372
2005-03-04,82.355443,82.881761,82.180002,82.814285
2005-03-07,82.767087,83.165198,82.591646,82.854805
2005-03-08,82.773829,82.996504,82.395961,82.544411
2005-03-09,82.301477,82.517403,81.619960,81.626709
2005-03-10,81.781885,81.984317,81.242073,81.808876
2005-03-11,81.856083,82.132741,81.080104,81.235298
2005-03-14,81.383791,81.754915,81.161116,81.741417
2005-03-15,81.930330,81.957321,81.026143,81.066628
2005-03-16,80.769711,81.080108,80.229900,80.378349
2005-03-17,80.506589,80.796739,80.283919,80.540329
2005-03-18,80.687299,80.971813,80.036978,80.301170
2005-03-21,80.416354,80.463773,79.772808,80.003128
2005-03-22,80.186022,80.565375,79.190216,79.190216
2005-03-23,79.224092,79.745707,79.088610,79.257965
2005-03-24,79.569580,79.928611,79.298611,79.352806
2005-03-28,79.542481,79.894741,79.467964,79.467964
2005-03-29,79.352809,79.867648,78.749906,78.939583
2005-03-30,79.108940,80.070873,79.102165,80.057327
2005-03-31,80.064103,80.247004,79.847329,79.908295
2005-04-01,80.362179,80.606050,79.197023,79.549278
2005-04-04,79.501815,79.840524,79.081813,79.684715
2005-04-05,79.786320,80.192770,79.711804,80.064064
2005-04-06,80.240214,80.578923,80.057313,80.341827
2005-04-07,80.213122,80.788927,80.152152,80.775375
2005-04-08,80.727973,80.755070,79.935394,79.935394
2005-04-11,80.131832,80.219895,79.820220,79.996346
2005-04-12,79.860869,80.653447,79.305386,80.409576
2005-04-13,80.314756,80.477340,79.346047,79.461212
2005-04-14,79.528962,79.596703,78.424767,78.424767
2005-04-15,78.404401,78.716013,77.293436,77.327309
2005-04-18,77.307005,77.876035,77.198616,77.564423
2005-04-19,77.970852,78.262142,77.787951,78.180855
2005-04-20,78.160542,78.329897,76.920871,77.090225
2005-04-21,77.760875,78.722808,77.483131,78.587326
2005-04-22,78.404421,78.919260,77.408615,78.289261
2005-04-25,78.485728,78.919275,78.390889,78.804115
2005-04-26,78.553437,79.102144,78.004729,78.038597
2005-04-27,77.808284,78.627959,77.523769,78.343445
2005-04-28,78.086036,78.363780,77.361198,77.361198
2005-04-29,77.950526,78.492463,77.205367,78.411171
2005-05-02,78.627952,78.858277,78.255370,78.851501
2005-05-03,78.627946,79.156331,78.370529,78.986977
2005-05-04,79.020890,79.766050,78.770243,79.596695
2005-05-05,79.711822,79.935371,79.081823,79.569565
2005-05-06,79.887981,79.928625,79.298625,79.318947
2005-05-09,79.400236,79.989592,79.291851,79.813461
2005-05-10,79.501816,79.596654,78.844719,78.986977
2005-05-11,79.210527,79.528914,78.478914,79.420525
2005-05-12,79.474750,79.657650,78.546684,78.546684
2005-05-13,78.783773,79.000547,77.767645,78.390869
2005-05-16,78.377333,79.149590,78.350241,79.122498
2005-05-17,78.858270,79.732135,78.688916,79.650848
2005-05-18,79.996354,80.667003,79.942165,80.470551
2005-05-19,80.626367,80.890565,80.409593,80.809273
2005-05-20,80.843089,80.876962,80.436639,80.694061
2005-05-23,80.755099,81.317358,80.741553,81.141228
2005-05-24,80.910856,81.175049,80.748272,80.951500
2005-05-25,80.849938,81.202199,80.497683,80.890587
2005-05-26,81.147974,81.432489,81.032814,81.324104
2005-05-27,81.330868,81.459579,81.154743,81.459579
2005-05-31,81.344431,81.405396,80.883786,80.937981
2005-06-01,80.965064,81.913451,80.917645,81.628937
2005-06-02,81.446023,81.859243,81.357955,81.805054
2005-06-03,81.662799,81.893119,81.107316,81.391830
2005-06-06,81.256336,81.425691,80.985373,81.317307
2005-06-07,81.554396,82.136976,81.296978,81.378265
2005-06-08,81.581496,81.689880,81.066656,81.229240
2005-06-09,81.114101,81.683135,80.910879,81.615395
2005-06-10,81.669561,81.730531,81.019240,81.425690
2005-06-13,81.249581,82.021838,81.161513,81.683128
2005-06-14,81.595074,82.103138,81.547655,81.872818
2005-06-15,82.075996,82.130186,81.445997,82.028572
2005-06-16,82.008292,82.401196,81.913454,82.238617
2005-06-17,82.665786,82.910641,82.448137,82.543358
2005-06-20,82.352885,82.869797,82.257664,82.570534
2005-06-21,82.638568,82.740592,82.318895,82.618164
2005-06-22,82.760967,82.937808,82.346073,82.686150
2005-06-23,82.516101,82.706543,81.502675,81.523079
2005-06-24,81.536709,81.625132,80.829350,80.924576
2005-06-27,80.917756,81.217025,80.768122,81.040184
2005-06-28,81.210215,81.781541,81.189811,81.720329
2005-06-29,81.869976,81.890380,81.455083,81.502693
2005-06-30,81.767937,81.835951,80.904140,81.060577
2005-07-01,81.244224,81.482281,81.080989,81.298637
2005-07-05,81.108211,82.060426,81.067404,81.951599
2005-07-06,81.883585,82.060426,81.217038,81.264648
2005-07-07,80.455247,81.584297,80.434843,81.584297
2005-07-08,81.597916,82.516121,81.427878,82.516121
2005-07-11,82.522919,83.046635,82.509313,82.937813
2005-07-12,82.971812,83.407110,82.733760,83.155457
2005-07-13,83.162253,83.332291,82.971811,83.271080
2005-07-14,83.645145,83.958014,83.311866,83.597534
2005-07-15,83.515930,83.685968,83.223464,83.549934
2005-07-18,83.318706,83.407124,83.012640,83.216682
2005-07-19,83.461548,83.733610,83.257505,83.672394
2005-07-20,83.379912,84.155291,83.182672,83.958046
2005-07-21,84.032851,84.073658,83.298285,83.468323
2005-07-22,83.577166,84.039670,83.407128,84.026070
2005-07-25,83.937621,84.304899,83.556732,83.787987
2005-07-26,83.815233,84.019276,83.624786,83.890045
2005-07-27,83.998838,84.264097,83.692772,84.196083
2005-07-28,84.311707,84.774211,84.094059,84.726601
2005-07-29,84.617770,84.767399,83.998828,84.162064
2005-08-01,84.223311,84.366143,83.964850,84.100883
2005-08-02,84.250487,84.746996,84.162064,84.604164
2005-08-03,84.508964,84.842237,84.420546,84.828636
2005-08-04,84.495378,84.549786,84.046475,84.148499
2005-08-05,83.964858,84.325344,83.434340,83.577171
2005-08-08,83.760807,83.937648,83.237086,83.420731
2005-08-09,83.699560,84.060040,83.570334,83.924011
2005-08-10,84.216498,84.679002,83.536345,83.883224
2005-08-11,83.842391,84.359308,83.665555,84.216476
2005-08-12,84.046464,84.128084,83.488739,83.699585
2005-08-15,83.808386,84.250486,83.543127,84.216476
2005-08-16,83.958035,84.012443,83.039825,83.121445
2005-08-17,83.107811,83.570315,82.998984,83.114609
2005-08-18,83.012628,83.359502,82.869792,83.107849
2005-08-19,83.407101,83.536331,83.114635,83.298279
2005-08-22,83.373096,83.815196,82.896986,83.298279
2005-08-23,83.318725,83.393542,82.400520,83.141884
2005-08-24,82.937796,83.475117,82.359662,82.400475
2005-08-25,82.536510,82.754159,82.441289,82.699745
2005-08-26,82.624934,82.631732,82.080810,82.135223
2005-08-29,81.897159,82.828965,81.876750,82.767754
2005-08-30,82.468487,82.502497,81.883555,82.332458
2005-08-31,82.427704,83.427529,82.121632,83.373116
2005-09-01,83.332286,83.760785,82.393677,83.311882
2005-09-02,83.556759,83.577163,83.005837,83.162270
2005-09-06,83.427533,84.202907,83.420730,84.134888
2005-09-07,84.087263,84.427339,83.971638,84.277710
2005-09-08,84.107698,84.338947,83.869640,83.998871
2005-09-09,84.223294,84.842230,84.202890,84.747009
2005-09-12,84.644987,84.794622,84.522560,84.576973
2005-09-13,84.427349,84.624594,84.012455,84.107681
2005-09-14,84.162032,84.284459,83.672321,83.801552
2005-09-15,84.060044,84.100857,83.590742,83.760780
2005-09-16,84.219777,84.520314,83.926066,84.356384
2005-09-19,84.335939,84.390585,83.769008,84.076378
2005-09-20,84.151491,84.431543,83.243041,83.365990
2005-09-21,83.188391,83.243036,82.498511,82.587311
2005-09-22,82.614647,83.099615,82.266296,82.881035
2005-09-23,82.812728,83.256710,82.580494,82.949341
2005-09-26,83.345490,83.495761,82.703428,83.044952
2005-09-27,83.003964,83.324997,82.662440,83.024460
2005-09-28,83.284032,83.413812,82.785404,83.106438
2005-09-29,83.024455,83.919246,82.703422,83.782639
2005-09-30,83.755304,84.042183,83.154219,84.042183
2005-10-03,83.987566,84.247123,83.639210,83.741669
2005-10-04,83.871434,84.035364,82.758068,82.799049
2005-10-05,82.819560,82.860541,81.672039,81.713020
2005-10-06,81.815458,82.143323,80.715750,81.419289
2005-10-07,81.760805,81.999876,81.371468,81.699333
2005-10-10,81.747176,81.767667,80.804572,81.009483
2005-10-11,81.275869,81.549089,80.818228,80.893364
2005-10-12,80.866007,81.371461,80.196623,80.258095
2005-10-13,80.230787,80.654279,79.834618,80.210297
2005-10-14,80.681631,81.152931,80.299121,81.057304
2005-10-17,81.146075,81.467104,80.907005,81.357819
2005-10-18,81.241708,81.255366,80.463034,80.476692
2005-10-19,80.258135,81.829147,79.998578,81.815483
2005-10-20,81.617376,81.835951,80.121505,80.374229
2005-10-21,80.797736,81.132428,80.264960,80.688446
2005-10-24,80.900200,82.027225,80.879710,81.938431
2005-10-25,81.774483,82.129665,81.241706,81.774483
2005-10-26,81.631057,82.334596,81.412482,81.535431
2005-10-27,81.419297,81.535420,80.551829,80.667946
2005-10-28,80.893340,81.931570,80.667933,81.829117
2005-10-31,82.163871,82.853751,82.054581,82.054581
2005-11-01,82.361930,82.580505,82.116033,82.300453
2005-11-02,82.081855,83.161072,82.054532,83.161072
2005-11-03,83.434319,83.782675,83.161098,83.516281
2005-11-04,83.605082,83.646063,83.024492,83.406998
2005-11-07,83.584564,83.755326,83.229376,83.488937
2005-11-08,83.284021,83.618713,83.188395,83.488937
2005-11-09,83.386523,83.980772,83.236252,83.598267
2005-11-10,83.564083,84.370080,83.161088,84.247131
2005-11-11,84.253983,84.588675,83.625580,84.534035
2005-11-14,84.554472,84.711570,84.274420,84.486168
2005-11-15,84.390581,84.759423,83.919277,84.178833
2005-11-16,84.267639,84.390588,84.001251,84.349602
2005-11-17,84.479346,85.141903,84.110499,85.135071
2005-11-18,85.421967,85.572238,84.923345,85.469780
2005-11-21,85.483403,86.002521,85.367286,85.900063
2005-11-22,85.763477,86.419202,85.667851,86.268936
2005-11-23,86.234794,87.027132,86.207471,86.767570
2005-11-25,86.733408,86.897338,86.617286,86.835861
2005-11-28,86.917837,86.931496,86.091350,86.221130
2005-11-29,86.507999,86.733406,86.125488,86.125488
2005-11-30,86.173312,86.419204,85.579058,85.661026
2005-12-01,86.077671,86.767550,86.050353,86.535316
2005-12-02,86.589985,86.801734,86.405565,86.644630
2005-12-05,86.542152,86.562648,86.186970,86.460190
2005-12-06,86.781234,87.252533,86.494349,86.624130
2005-12-07,86.589990,86.658299,85.845470,86.118690
2005-12-08,86.214305,86.624133,85.708851,86.064034
2005-12-09,86.173342,86.596829,85.941103,86.289459
2005-12-12,86.549008,86.651466,86.036722,86.371414
2005-12-13,86.350897,87.225197,86.262102,86.958809
2005-12-14,86.876875,87.491614,86.842721,87.300362
2005-12-15,87.320807,87.430097,86.869998,87.047592
2005-12-16,87.399205,87.454140,86.767471,86.767471
2005-12-19,87.021549,87.117683,86.307413,86.321144
2005-12-20,86.424126,86.925391,86.163193,86.403526
2005-12-21,86.671294,87.042095,86.382894,86.540825
2005-12-22,86.733096,86.994034,86.575166,86.994034
2005-12-23,87.055845,87.110780,86.808644,87.042114
2005-12-27,87.179446,87.241249,86.094508,86.156311
2005-12-28,86.341727,86.513394,86.176927,86.348595
2005-12-29,86.327969,86.492767,85.874765,85.964035
2005-12-30,85.696258,85.874788,85.394122,85.497124
2006-01-03,85.964042,87.206911,85.414705,87.000908
2006-01-04,87.110805,87.543404,87.000936,87.412941
2006-01-05,87.309934,87.612065,87.124531,87.467865
2006-01-06,87.907294,88.291827,87.454091,88.195694
2006-01-09,88.182010,88.621477,88.154548,88.422348
2006-01-10,88.161407,88.566539,88.072137,88.511604
2006-01-11,88.593992,88.882392,88.394852,88.793121
2006-01-12,88.635199,88.772530,88.195731,88.442932
2006-01-13,88.284996,88.511587,88.030921,88.360519
2006-01-17,88.030938,88.182006,87.763138,88.120209
2006-01-18,87.605190,88.511587,87.316790,87.769989
2006-01-19,87.982873,88.422340,87.763134,88.106468
2006-01-20,88.085836,88.106436,86.499634,86.499634
2006-01-23,86.664455,87.083323,86.609520,86.808655
2006-01-24,86.952863,87.309934,86.808664,86.897934
2006-01-25,87.234390,87.330523,86.410384,86.973457
2006-01-26,87.378613,87.667013,87.042147,87.454147
2006-01-27,87.660143,88.346812,87.515938,88.264404
2006-01-30,88.195694,88.449758,88.133896,88.195694
2006-01-31,88.113359,88.264416,87.543417,87.550285
2006-02-01,87.769976,88.188839,87.701310,88.161377
2006-02-02,87.962273,87.989735,87.069602,87.138268
2006-02-03,86.918536,88.161405,86.616401,86.705666
2006-02-06,86.822402,87.069603,86.636998,86.932266
2006-02-07,86.781175,86.973447,86.108243,86.163177
2006-02-08,86.417239,87.962248,86.245571,86.945976
2006-02-09,87.152001,87.618936,86.774336,86.801804
2006-02-10,86.815547,87.296214,86.142610,86.959747
2006-02-13,86.932267,87.062736,86.485931,86.801804
2006-02-14,86.836128,87.914198,86.664461,87.721931
2006-02-15,87.673841,88.113314,87.371705,88.030907
2006-02-16,88.127059,88.724468,88.017189,88.690132
2006-02-17,88.614580,88.690114,88.291845,88.449776
2006-02-21,88.655803,88.854933,88.092730,88.230072
2006-02-22,88.422321,89.026582,88.339914,88.765656
2006-02-23,88.765685,89.019749,88.085879,88.635216
2006-02-24,88.655798,88.909863,88.415460,88.861801
2006-02-27,88.854917,89.294384,88.772520,88.896126
2006-02-28,88.717575,89.205115,87.982845,88.051506
2006-03-01,88.305608,88.916743,88.236937,88.834335
2006-03-02,88.511574,88.868644,88.312445,88.827446
2006-03-03,88.353684,89.315027,88.339948,88.415482
2006-03-06,88.676400,88.703862,87.790596,88.010330
2006-03-07,87.797459,87.934791,87.481593,87.872993
2006-03-08,87.687581,88.195719,87.330515,88.058388
2006-03-09,88.085868,88.360531,87.467865,87.467865
2006-03-10,87.694478,88.470411,87.509079,88.298744
2006-03-13,88.470387,88.690126,88.257521,88.463524
2006-03-14,88.381140,89.424869,88.312469,89.390533
2006-03-15,89.369935,89.857474,89.163942,89.788803
2006-03-16,89.960431,90.276303,89.843698,89.974167
2006-03-17,90.090724,90.242393,89.883913,90.049362
2006-03-20,90.063138,90.242378,89.766701,89.904579
2006-03-21,89.877002,90.304437,89.242756,89.339272
2006-03-22,89.284119,89.973518,89.242757,89.883904
2006-03-23,89.801152,89.890777,89.387519,89.697746
2006-03-24,89.614986,90.014839,89.442637,89.766655
2006-03-27,89.642594,89.814944,89.442673,89.635704
2006-03-28,89.573658,89.987302,88.966994,89.084190
2006-03-29,89.215177,89.966620,89.132442,89.642601
2006-03-30,89.697744,90.297518,89.311682,89.484032
2006-03-31,89.635718,89.787387,89.187602,89.504730
2006-04-03,89.670195,90.221706,89.270342,89.435791
2006-04-04,89.435755,90.125154,89.180681,90.007957
2006-04-05,90.042444,90.504340,89.883885,90.318199
2006-04-06,90.207899,90.456083,89.752893,90.221680
2006-04-07,90.352715,90.587109,89.173848,89.304825
2006-04-10,89.442665,89.677058,89.111746,89.442665
2006-04-11,89.518504,89.663272,88.415461,88.684326
2006-04-12,88.773943,89.022127,88.663636,88.849777
2006-04-13,88.649847,89.104853,88.456816,88.732582
2006-04-17,88.815286,89.146195,88.256875,88.698090
2006-04-18,88.884260,90.269959,88.884260,90.104500
2006-04-19,90.138970,90.359583,89.787380,90.276848
2006-04-20,90.311322,90.904206,90.035567,90.400948
2006-04-21,90.786985,90.855918,90.049323,90.414703
2006-04-24,90.235492,90.359589,89.883902,90.249283
2006-04-25,90.338865,90.394018,89.566741,89.876968
2006-04-26,89.966611,90.407826,89.828733,89.897667
2006-04-27,89.552931,90.745599,89.339219,90.331955
2006-04-28,90.166526,90.828354,90.111383,90.635323
2006-05-01,90.635329,90.862832,89.842524,89.897667
2006-05-02,90.318203,90.628441,90.132073,90.573288
2006-05-03,90.414729,90.531936,89.932151,90.235489
2006-05-04,90.366471,90.738742,90.290636,90.559502
2006-05-05,91.035196,91.552246,90.897318,91.359215
2006-05-08,91.352299,91.531550,91.248894,91.248894
2006-05-09,91.290238,91.531532,91.214404,91.428116
2006-05-10,91.283398,91.517791,90.924907,91.379913
2006-05-11,91.352309,91.379891,89.980411,90.276848
2006-05-12,89.870124,90.118308,89.063527,89.098000
2006-05-15,88.787721,89.442658,88.663634,89.277199
2006-05-16,89.456445,89.621905,88.939395,89.146217
2006-05-17,88.705001,89.001448,87.395141,87.450294
2006-05-18,87.795024,88.070785,86.940171,87.009109
2006-05-19,87.464099,87.891523,86.726442,87.622658
2006-05-22,87.057337,87.670902,86.519606,86.953926
2006-05-23,87.677801,87.988028,86.292107,86.292107
2006-05-24,86.643702,87.477875,86.009456,86.981506
2006-05-25,87.498544,88.056961,87.160740,88.056961
2006-05-26,88.250050,88.505135,87.905355,88.505135
2006-05-30,88.222460,88.243141,86.898814,86.933281
2006-05-31,87.291716,87.905281,87.002165,87.905281
2006-06-01,87.815696,88.891162,87.739861,88.746384
2006-06-02,89.104860,89.228947,88.463724,88.932510
2006-06-05,88.829092,88.835982,87.395135,87.636429
2006-06-06,87.698490,87.815687,86.698863,87.422729
2006-06-07,87.491655,88.001809,86.719526,86.767784
2006-06-08,86.574767,87.209013,85.395894,86.691963
2006-06-09,87.112493,87.526132,86.374836,86.416199
2006-06-12,86.781595,86.816067,85.361433,85.478630
2006-06-13,85.306244,86.064582,84.485863,84.485863
2006-06-14,84.685802,85.230428,84.341102,85.140808
2006-06-15,85.451051,87.112506,85.389008,86.947052
2006-06-16,86.756611,86.943570,86.181880,86.313446
2006-06-19,86.832807,86.888204,85.551782,85.634872
2006-06-20,85.870283,86.424237,85.669473,85.925674
2006-06-21,85.863334,87.040490,85.835635,86.562706
2006-06-22,86.521197,86.597367,85.891074,86.181900
2006-06-23,86.091883,86.763557,85.884147,86.168053
2006-06-26,86.237252,86.597322,86.036442,86.548851
2006-06-27,86.562723,86.756607,85.704086,85.801033
2006-06-28,85.994937,86.396552,85.621016,86.382706
2006-06-29,86.694284,88.183044,86.673511,88.127647
2006-06-30,88.314620,88.397716,87.913000,88.134583
2006-07-03,88.238407,88.640021,88.155311,88.494614
2006-07-05,88.141505,88.252294,87.608319,87.989166
2006-07-06,88.079155,88.529246,87.996065,88.245346
2006-07-07,88.072252,88.328453,87.449049,87.670631
2006-07-10,87.899168,88.238466,87.532173,87.836845
2006-07-11,87.670635,88.224594,87.206697,88.224594
2006-07-12,88.044565,88.217677,87.054366,87.282875
2006-07-13,86.867418,87.026683,85.863373,85.863373
2006-07-14,85.953383,86.043405,85.053206,85.530991
2006-07-17,85.530982,85.932602,85.274780,85.406342
2006-07-18,85.662538,85.897972,84.748509,85.842575
2006-07-19,85.988012,87.428302,85.669487,87.033607
2006-07-20,87.331367,87.456008,86.320396,86.438110
2006-07-21,86.659682,86.687380,85.738727,85.828743
2006-07-24,86.168064,87.469862,86.168064,87.393692
2006-07-25,87.234405,88.148434,87.054368,87.705269
2006-07-26,87.656769,88.252273,87.372869,87.822960
2006-07-27,88.203821,88.418483,87.386734,87.739883
2006-07-28,87.968399,88.730090,87.843759,88.619301
2006-07-31,88.397698,88.605428,88.252279,88.529259
2006-08-01,88.176154,88.203852,87.663745,88.093063
2006-08-02,88.342330,88.951686,88.321557,88.688553
2006-08-03,88.176107,89.013972,88.044546,88.923950
2006-08-04,89.380993,89.623343,88.273080,88.771637
2006-08-07,88.563896,88.688537,88.217673,88.563896
2006-08-08,88.695453,88.951665,87.906064,88.224594
2006-08-09,88.757778,89.048614,87.670642,87.926849
2006-08-10,87.649851,88.286900,87.442115,88.196884
2006-08-11,88.058390,88.079163,87.518283,87.947601
2006-08-14,88.376923,88.743924,87.885287,88.016853
2006-08-15,88.806272,89.235585,88.563916,89.069405
2006-08-16,89.547195,89.941885,89.353301,89.810318
2006-08-17,89.727212,90.274240,89.664894,90.038811
2006-08-18,90.149619,90.495842,89.734147,90.495842
2006-08-21,90.142700,90.211948,89.879577,90.108086
2006-08-22,90.011109,90.378105,89.796442,90.101120
2006-08-23,90.142686,90.322729,89.457171,89.851860
2006-08-24,90.011105,90.087275,89.602554,89.775665
2006-08-25,89.768768,90.191160,89.706450,89.886482
2006-08-28,89.775643,90.585814,89.768722,90.315750
2006-08-29,90.357352,90.592782,89.886483,90.419670
2006-08-30,90.620460,90.738174,90.398882,90.475052
2006-08-31,90.606623,90.703565,90.419659,90.461205
2006-09-01,90.807405,91.112083,90.599669,91.001289
2006-09-05,91.063660,91.299100,90.849003,91.174454
2006-09-06,90.786665,90.821290,90.246558,90.371193
2006-09-07,90.059574,90.412729,89.567943,89.955711
2006-09-08,90.073412,90.336545,89.900300,90.211899
2006-09-11,89.921086,90.495817,89.657953,90.301933
2006-09-12,90.405795,91.292126,90.274229,91.188263
2006-09-13,91.153670,91.714550,91.070580,91.555290
2006-09-14,91.375242,91.569126,91.229823,91.562195
2006-09-15,92.020531,92.076171,91.582367,91.777115
2006-09-18,91.658887,92.076186,91.561518,91.902313
2006-09-19,91.888376,91.895338,91.158118,91.672775
2006-09-20,91.978806,92.340465,91.846661,92.159630
2006-09-21,92.229176,92.326544,91.401539,91.714508
2006-09-22,91.575421,91.582372,91.109443,91.436325
2006-09-25,91.617122,92.396080,91.144192,92.138741
2006-09-26,92.152653,92.917699,92.083100,92.903786
2006-09-27,92.841188,93.175021,92.688178,93.015060
2006-09-28,93.015085,93.188958,92.695154,92.980309
2006-09-29,93.056795,93.154163,92.834232,92.903786
2006-10-02,92.875958,93.077657,92.465621,92.556038
2006-10-03,92.423919,93.105498,92.256997,92.750801
2006-10-04,92.660387,93.891410,92.556067,93.835770
2006-10-05,93.835770,94.176565,93.717537,94.016594
2006-10-06,93.856595,93.960925,93.474073,93.898323
2006-10-09,93.787083,94.100053,93.641026,93.953995
2006-10-10,93.960953,94.204369,93.780118,94.079185
2006-10-11,93.780125,94.190463,93.404564,93.967911
2006-10-12,94.204372,94.858136,94.169595,94.781631
2006-10-13,94.698158,95.080680,94.614691,95.025040
2006-10-16,94.948568,95.317178,94.879014,95.171120
2006-10-17,94.913783,95.073743,94.357387,94.872055
2006-10-18,95.310161,95.539675,94.656408,94.997192
2006-10-19,94.858140,95.198935,94.746859,95.150246
2006-10-20,95.171120,95.247624,94.816423,95.171120
2006-10-23,94.976383,95.838797,94.858151,95.609283
2006-10-24,95.477117,95.929183,95.435390,95.894417
2006-10-25,95.797017,96.262995,95.637047,96.221268
2006-10-26,96.436900,96.673364,95.963960,96.520355
2006-10-27,96.402102,96.499471,95.720523,95.915260
2006-10-30,95.741422,96.116983,95.560587,95.845741
2006-10-31,96.026557,96.158692,95.456249,95.831810
2006-11-01,96.130913,96.193505,95.087675,95.185043
2006-11-02,94.941593,95.289339,94.837274,95.129379
2006-11-03,95.470188,95.553643,94.322620,94.962471
2006-11-06,95.254553,96.172597,95.247592,96.033501
2006-11-07,96.116968,96.659451,95.977872,96.402122
2006-11-08,95.977871,96.708140,95.185011,96.610771
2006-11-09,96.680333,96.770750,95.908336,96.103073
2006-11-10,96.075222,96.214318,95.783117,96.144775
2006-11-13,96.103068,96.701192,96.026574,96.381271
2006-11-14,96.652526,97.188058,96.061353,97.104591
2006-11-15,97.069782,97.681808,97.041957,97.382751
2006-11-16,97.674868,97.841780,97.014153,97.633141
2006-11-17,97.320208,97.667954,97.181112,97.661003
2006-11-20,97.577525,97.883543,97.327148,97.716621
2006-11-21,97.709638,97.834821,97.570531,97.813957
2006-11-22,97.890480,98.175635,97.716607,98.008713
2006-11-24,97.535785,97.953074,97.507959,97.612289
2006-11-27,97.563628,97.612317,96.242197,96.270012
2006-11-28,96.144796,96.784647,96.054379,96.687279
2006-11-29,97.000225,97.737445,96.728984,97.695717
2006-11-30,97.674888,98.099139,97.201948,97.737480
2006-12-01,97.737436,97.827853,96.652471,97.521835
2006-12-04,97.542707,98.446849,97.528795,98.266014
2006-12-05,98.453820,98.732023,98.245170,98.690285
2006-12-06,98.669411,98.808518,98.412082,98.606819
2006-12-07,98.780711,98.968497,98.140860,98.175636
2006-12-08,98.154750,98.690271,97.911323,98.356438
2006-12-11,98.356432,98.822410,98.300792,98.641586
2006-12-12,98.544238,98.669421,97.987842,98.565102
2006-12-13,98.919796,98.996300,98.453818,98.669418
2006-12-14,98.662480,99.622262,98.648567,99.538795
2006-12-15,99.757702,99.932544,99.477959,99.547890
2006-12-18,99.687755,99.925548,99.135260,99.275131
2006-12-19,98.995377,99.701733,98.743604,99.463951
2006-12-20,99.505923,99.771686,99.317091,99.408012
2006-12-21,99.498899,99.610789,98.834502,99.044304
2006-12-22,99.058319,99.065308,98.379932,98.435883
2006-12-26,98.477812,99.037307,98.456831,99.016327
2006-12-27,99.219192,99.729737,99.191222,99.666786
2006-12-28,99.596841,99.799653,99.303109,99.456970
2006-12-29,99.352027,99.687720,98.911423,99.044304
2007-01-03,99.484915,99.911529,98.309984,98.869469
2007-01-04,98.771592,99.345078,98.337988,99.079315
2007-01-05,98.841530,98.890480,98.177134,98.289024
2007-01-08,98.484814,98.897438,98.086170,98.743576
2007-01-09,98.827517,99.030339,98.191090,98.659676
2007-01-10,98.316979,99.009356,98.121157,98.988365
2007-01-11,99.016333,99.743669,98.960382,99.421967
2007-01-12,99.415019,100.177338,99.387049,100.177338
2007-01-16,100.058407,100.317169,99.820614,99.981476
2007-01-17,99.904562,100.331176,99.820630,100.023453
2007-01-18,100.128333,100.191274,99.526878,99.687729
2007-01-19,99.687751,100.079405,99.631811,99.883583
2007-01-22,100.058416,100.079396,99.261128,99.575851
2007-01-23,99.491927,100.065413,99.352055,99.869591
2007-01-24,99.988482,100.694839,99.946522,100.673859
2007-01-25,100.610912,100.652872,99.317079,99.491920
2007-01-26,99.708762,99.764702,99.016385,99.401039
2007-01-29,99.442958,99.869572,99.128245,99.345047
2007-01-30,99.554882,99.911555,99.352060,99.862595
2007-01-31,99.750701,100.799752,99.589839,100.533989
2007-02-01,100.813686,101.170369,100.645844,101.135399
2007-02-02,101.219356,101.373218,100.974584,101.275307
2007-02-05,101.198349,101.366201,100.946577,101.303261
2007-02-06,101.387173,101.429133,100.939579,101.331223
2007-02-07,101.492156,101.660008,101.107513,101.555107
2007-02-08,101.254328,101.492110,100.897655,101.422180
2007-02-09,101.450111,101.638943,100.282171,100.666824
2007-02-12,100.666859,100.736789,100.142334,100.324165
2007-02-13,100.547982,101.338259,100.540981,101.170418
2007-02-14,101.268315,102.037612,101.254325,101.834801
2007-02-15,101.876761,102.072583,101.708909,101.967682
2007-02-16,101.715950,101.939742,101.569079,101.918762
2007-02-20,101.799851,102.247445,101.408207,102.135544
2007-02-21,101.834873,102.156587,101.653041,102.093636
2007-02-22,102.142524,102.401286,101.527077,102.016632
2007-02-23,101.925758,101.960717,101.429202,101.618034
2007-02-26,101.988707,102.072628,101.233390,101.527122
2007-02-27,100.624883,100.848674,97.211970,97.561653
2007-02-28,98.184129,99.296120,97.771505,98.561783
2007-03-01,97.449808,98.785602,96.547629,98.268066
2007-03-02,97.946346,98.372961,96.974227,96.981216
2007-03-05,96.463675,97.617637,96.044062,96.058052
2007-03-06,97.058107,97.995256,96.316780,97.701523
2007-03-07,97.624648,98.233105,97.491767,97.603668
2007-03-08,98.289027,98.722642,97.960335,98.428909
2007-03-09,98.827565,98.904496,97.967347,98.456902
2007-03-12,98.205093,98.848509,98.023261,98.603737
2007-03-13,98.037242,98.449877,96.540598,96.687469
2007-03-14,96.813393,97.463810,95.638462,97.407860
2007-03-15,97.190997,97.904354,97.072105,97.540680
2007-03-16,97.815170,98.039861,96.979622,97.267502
2007-03-19,97.780103,98.531399,97.702867,98.440117
2007-03-20,98.355884,99.036962,98.271631,98.980789
2007-03-21,99.072070,100.862520,98.875471,100.609749
2007-03-22,100.743169,100.883595,100.258690,100.532524
2007-03-23,100.602764,100.974898,100.511483,100.680000
2007-03-26,100.757184,100.862500,99.767163,100.546539
2007-03-27,100.490429,100.518521,99.977869,100.307877
2007-03-28,99.802278,100.033986,99.184391,99.577599
2007-03-29,100.083114,100.132269,99.135231,99.682899
2007-03-30,99.872520,100.293798,98.692918,99.704002
2007-04-02,99.816299,100.026944,99.338838,99.816299
2007-04-03,100.385090,101.094249,100.342964,100.890633
2007-04-04,100.890607,101.073160,100.518474,101.002953
2007-04-05,100.876607,101.417259,100.834480,101.276833
2007-04-09,101.564672,101.670000,101.213602,101.417229
2007-04-10,101.339939,101.705055,101.297812,101.536537
2007-04-11,101.684037,101.712118,100.785287,101.122322
2007-04-12,100.925748,101.754269,100.644885,101.571716
2007-04-13,101.740210,102.035118,101.361058,102.035118
2007-04-16,102.393185,103.116389,102.386167,103.004044
2007-04-17,103.193609,103.495524,102.968919,103.277863
2007-04-18,102.933856,103.706205,102.912793,103.404289
2007-04-19,102.898747,103.495560,102.765339,103.376198
2007-04-20,104.071298,104.352150,103.242766,104.352150
2007-04-23,104.176608,104.429379,103.895756,103.958946
2007-04-24,104.078281,104.197644,103.439341,104.001045
2007-04-25,104.429411,105.082407,103.930897,104.956017
2007-04-26,104.963021,105.180683,104.689187,105.075356
2007-04-27,104.682206,105.138604,104.506671,104.991150
2007-04-30,105.068347,105.138566,104.064291,104.120453
2007-05-01,104.211725,104.948975,103.685120,104.387260
2007-05-02,104.548754,105.286003,104.443437,104.998123
2007-05-03,105.300062,105.601978,105.131545,105.566879
2007-05-04,105.847717,106.107505,105.475583,105.967079
2007-05-07,105.939045,106.163725,105.889890,105.988190
2007-05-08,105.728362,105.967088,105.412401,105.847725
2007-05-09,105.770458,107.301130,105.580877,106.135574
2007-05-10,105.833688,106.037314,104.808568,105.026230
2007-05-11,105.145603,105.974124,105.124540,105.924980
2007-05-14,105.924983,106.233927,105.173687,105.693275
2007-05-15,105.812600,106.486660,105.454512,105.721329
2007-05-16,105.882850,106.465628,105.587952,106.444565
2007-05-17,106.290052,106.697294,106.100471,106.233879
2007-05-18,106.732399,107.160706,106.591973,107.160706
2007-05-21,107.132660,107.589047,107.076488,107.104568
2007-05-22,107.216862,107.539852,106.992183,107.020264
2007-05-23,107.392420,107.778600,106.978160,107.034332
2007-05-24,107.097555,107.575016,105.840727,106.065407
2007-05-25,106.374320,106.739436,106.149630,106.507729
2007-05-29,106.683246,107.076443,106.339193,106.893890
2007-05-30,106.346293,107.806737,106.262029,107.764610
2007-05-31,107.897980,108.052452,107.511800,107.652237
2007-06-01,108.045388,108.410493,107.785589,108.185814
2007-06-04,107.806675,108.403499,107.764548,108.199883
2007-06-05,107.947134,108.059468,107.329247,107.771599
2007-06-06,107.329239,107.392429,106.549862,106.613052
2007-06-07,106.416477,107.076491,104.661125,104.689217
2007-06-08,105.026226,106.156673,104.682173,106.051346
2007-06-11,105.974080,106.690266,105.812590,106.233879
2007-06-12,105.791542,106.402401,105.005148,105.075356
2007-06-13,105.672180,106.774546,105.124511,106.648155
2007-06-14,106.767517,107.511784,106.746453,107.329231
2007-06-15,107.989244,108.355934,107.841154,107.939888
2007-06-18,108.158547,108.165595,107.650826,107.813011
2007-06-19,107.573280,108.158570,107.439296,108.081001
2007-06-20,108.299582,108.299582,106.452047,106.578972
2007-06-21,106.536664,107.262986,105.951374,107.171310
2007-06-22,106.846916,107.023208,105.669288,106.162903
2007-06-25,105.944265,106.656479,105.083960,105.655144
2007-06-26,105.923159,106.099451,104.562181,104.569229
2007-06-27,104.456460,106.177070,104.407093,106.057182
2007-06-28,106.043015,106.769336,105.542341,106.043015
2007-06-29,106.409738,106.938613,105.175695,106.078308
2007-07-02,106.388593,107.129021,106.318083,107.037346
2007-07-03,107.312342,107.538000,107.178369,107.425171
2007-07-05,107.467462,107.580291,106.924491,107.312325
2007-07-06,107.453348,108.010425,107.136014,107.876442
2007-07-09,108.003391,108.144422,107.622595,107.961082
2007-07-10,107.389873,107.615532,106.318027,106.423798
2007-07-11,106.303949,107.220668,106.141763,107.178360
2007-07-12,107.446295,109.124596,107.425141,108.870735
2007-07-13,108.997676,109.625274,108.870740,109.195122
2007-07-16,109.293837,109.674622,109.004716,109.181007
2007-07-17,109.251551,109.639395,109.075259,109.124626
2007-07-18,108.757888,109.159838,108.102088,108.927132
2007-07-19,109.441930,109.674636,109.124607,109.350266
2007-07-20,109.223338,109.293859,107.770696,108.243156
2007-07-23,108.722664,109.103460,108.102124,108.574585
2007-07-24,107.975163,108.793159,106.310969,106.691765
2007-07-25,107.199529,107.460438,105.951380,106.910408
2007-07-26,105.909041,106.339193,103.229404,104.378830
2007-07-27,104.512812,104.978214,102.284482,102.326790
2007-07-30,102.905020,104.230737,102.453713,103.927521
2007-07-31,104.597437,105.394279,102.277431,102.756950
2007-08-01,102.376148,103.666605,101.508795,103.257607
2007-08-02,103.490324,104.195491,102.432573,104.082672
2007-08-03,103.857001,104.068553,100.979918,101.403023
2007-08-06,101.692121,103.539655,100.507435,103.102455
2007-08-07,102.912065,105.069875,102.411392,104.202522
2007-08-08,104.653808,106.191067,103.899275,105.655144
2007-08-09,103.962775,105.034632,102.453718,102.524239
2007-08-10,101.819065,103.306968,100.923500,102.044724
2007-08-13,103.306988,103.582003,102.263344,102.411423
2007-08-14,102.742864,102.996725,100.641469,100.845963
2007-08-15,100.641451,101.868445,99.160595,99.456764
2007-08-16,98.575294,100.796577,96.607883,100.204239
2007-08-17,102.601801,102.820401,99.703564,102.044724
2007-08-20,102.369061,102.580613,101.043344,101.995323
2007-08-21,101.967202,102.933278,101.642820,102.199898
2007-08-22,102.961444,103.518532,102.481935,103.412750
2007-08-23,103.899299,104.117899,102.679363,103.321068
2007-08-24,103.292879,104.597443,103.151848,104.597443
2007-08-27,104.258924,104.597401,103.469130,103.624268
2007-08-28,103.067205,103.130667,101.163256,101.346596
2007-08-29,101.804956,103.476209,101.515846,103.335167
2007-08-30,102.566551,103.793545,102.467828,103.060165
2007-08-31,104.117931,104.717327,103.539699,104.075623
2007-09-04,103.976894,105.760966,103.941633,105.126320
2007-09-05,104.505773,104.618602,103.659575,104.216652
2007-09-06,104.329432,104.794845,103.744142,104.456367
2007-09-07,103.292879,103.582000,102.432575,103.003769
2007-09-10,103.321046,103.462078,101.776729,102.806267
2007-09-11,103.123570,104.153107,103.046001,104.005028
2007-09-12,103.864043,104.674991,103.645443,104.273041
2007-09-13,104.752556,105.387202,104.505743,105.006416
2007-09-14,104.336496,105.133327,104.181358,104.999344
2007-09-17,104.583344,104.823098,104.103835,104.435265
2007-09-18,104.950006,107.537968,104.456391,107.509766
2007-09-19,108.179685,108.870746,107.686070,108.144424
2007-09-20,108.130288,108.193750,107.262935,107.382812
2007-09-21,108.196903,108.487384,107.509645,107.672600
2007-09-24,107.991447,108.274858,107.240425,107.474236
2007-09-25,106.850780,107.453020,106.609888,107.261719
2007-09-26,107.871000,108.239430,107.261679,107.828491
2007-09-27,108.338629,108.473248,107.828499,108.466156
2007-09-28,108.296145,108.537036,107.679731,108.104843
2007-10-01,108.119010,109.642307,108.048154,109.323479
2007-10-02,109.543112,109.571448,108.976300,109.174683
2007-10-03,108.976294,109.401406,108.409482,108.955040
2007-10-04,109.188832,109.295105,108.820403,109.125069
2007-10-05,109.840706,110.598820,109.557306,110.421692
2007-10-08,110.095749,110.166605,109.656475,109.833603
2007-10-09,110.244498,110.882154,109.840640,110.867981
2007-10-10,110.556285,110.839696,110.109929,110.683823
2007-10-11,111.186827,111.604857,109.493483,110.152405
2007-10-12,110.145317,110.775892,110.010698,110.761719
2007-10-15,110.719202,110.782965,109.068367,109.826469
2007-10-16,109.401406,109.479343,108.735403,108.955040
2007-10-17,109.805228,109.883165,108.026866,109.288017
2007-10-18,108.721242,109.245545,108.459096,108.891289
2007-10-19,108.466133,110.867989,106.035941,106.043022
2007-10-22,105.469113,106.815282,105.327413,106.659409
2007-10-23,107.311297,107.658461,106.453992,107.523842
2007-10-24,107.134164,107.509675,105.454982,107.325455
2007-10-25,107.445924,107.899372,106.191865,107.580544
2007-10-26,108.444864,108.841629,107.622987,108.841629
2007-10-29,109.061307,109.422655,108.792080,109.203018
2007-10-30,108.721205,108.933760,108.310266,108.444885
2007-10-31,109.096702,110.010688,108.288998,109.571404
2007-11-01,108.607880,108.692908,106.694898,107.006645
2007-11-02,107.360870,107.693872,105.717127,107.127060
2007-11-05,106.021786,107.098728,105.547084,106.312279
2007-11-06,106.886157,107.771797,106.205981,107.743462
2007-11-07,106.588578,107.077454,104.540979,104.796043
2007-11-08,104.852738,105.143220,102.783883,104.264671
2007-11-09,103.223165,104.533906,102.656353,102.833481
2007-11-12,102.883132,103.875045,101.813271,101.813271
2007-11-13,102.996438,105.079466,102.890166,104.916512
2007-11-14,105.724234,105.851761,103.995462,104.626038
2007-11-15,103.846660,104.498490,102.394208,103.116882
2007-11-16,103.662390,103.775754,102.429586,103.293961
2007-11-19,102.932647,102.989329,101.451859,101.855705
2007-11-20,102.039928,103.109778,100.686667,102.479202
2007-11-21,101.373950,101.962017,100.374945,100.382027
2007-11-23,101.366860,102.266663,101.104704,102.117882
2007-11-26,102.330482,102.649321,99.659397,99.864861
2007-11-27,100.424530,101.480206,99.864799,101.012596
2007-11-28,102.160403,104.484323,102.124975,104.243431
2007-11-29,103.882097,104.661465,103.513678,104.278862
2007-11-30,105.596650,106.184717,104.385101,105.327423
2007-12-03,104.994435,105.178645,104.356768,104.633087
2007-12-04,103.910409,104.533892,103.662425,103.697853
2007-12-05,104.810237,105.710050,104.739392,105.433731
2007-12-06,105.306224,107.134188,105.263715,106.942886
2007-12-07,107.282907,107.339589,106.666505,106.921570
2007-12-10,107.183760,107.871018,106.886186,107.750572
2007-12-11,107.793047,108.324431,104.739361,104.796043
2007-12-12,107.027909,107.530957,104.293050,105.830521
2007-12-13,105.086540,105.844643,104.363855,105.610832
2007-12-14,104.810194,105.639163,104.222138,104.271729
2007-12-17,103.874971,104.059180,102.635075,102.783867
2007-12-18,103.513662,103.782889,101.997446,103.357788
2007-12-19,103.400297,104.073382,102.691785,103.357788
2007-12-20,104.037956,104.052130,102.861823,104.009621
2007-12-21,104.967608,105.715496,104.768172,105.508942
2007-12-24,106.000426,106.470518,105.758245,106.292450
2007-12-26,105.879334,106.612974,105.772497,106.520386
2007-12-27,106.142854,106.149973,104.931993,105.181282
2007-12-28,105.800958,105.850823,104.632832,104.917747
2007-12-31,104.775295,105.138550,104.034525,104.141373
2008-01-02,104.369331,104.696982,102.481813,103.229691
2008-01-03,103.215456,103.628575,102.617149,103.179840
2008-01-04,102.097142,102.168374,100.366325,100.651230
2008-01-07,101.007356,101.306509,99.789376,100.565750
2008-01-08,101.199730,101.783788,98.607057,98.941826
2008-01-09,99.069997,100.280858,98.079938,99.981705
2008-01-10,99.490219,101.712517,99.269416,100.636978
2008-01-11,100.273763,101.071505,99.005918,99.825027
2008-01-14,100.544391,101.042979,100.003057,100.629860
2008-01-15,99.568612,100.779485,98.222417,98.414734
2008-01-16,97.837768,99.091363,97.068512,97.567101
2008-01-17,98.158294,98.208158,94.682400,95.038536
2008-01-18,95.971594,96.171030,93.378923,94.062698
2008-01-22,90.608213,94.326272,89.746363,93.108292
2008-01-23,90.522780,95.579923,90.344712,95.344872
2008-01-24,95.786438,96.484473,94.953080,96.149704
2008-01-25,97.232306,97.410374,94.447329,94.760719
2008-01-28,94.917459,96.527202,94.062734,96.327766
2008-01-29,96.940326,97.189615,96.071353,96.804993
2008-01-30,96.569918,98.678239,95.871894,96.092697
2008-01-31,95.017178,98.678260,94.874726,97.844902
2008-02-01,98.250902,99.440397,97.951749,99.419029
2008-02-04,99.155464,99.219566,98.037191,98.165405
2008-02-05,96.826359,97.047162,95.209497,95.537148
2008-02-06,95.857636,96.334858,94.312006,94.767860
2008-02-07,93.877543,96.007231,93.827678,95.394676
2008-02-08,94.796350,95.601221,94.091207,94.782112
2008-02-11,94.803453,95.608314,94.048436,95.266426
2008-02-12,96.092721,97.089898,95.430302,96.149704
2008-02-13,96.876165,97.624053,96.256492,97.132584
2008-02-14,97.545745,97.581361,96.007234,96.277901
2008-02-15,95.800692,96.313529,95.380454,96.256546
2008-02-19,97.381924,97.503009,95.879028,96.527199
2008-02-20,95.437407,97.260823,95.273577,96.812088
2008-02-21,97.339144,97.588432,95.494361,96.007187
2008-02-22,96.135454,96.762257,94.632558,96.598427
2008-02-25,96.541402,98.044297,96.000079,97.816376
2008-02-26,97.403289,98.970287,97.225221,98.550049
2008-02-27,97.980268,99.105661,97.873431,98.450371
2008-02-28,97.752287,98.265124,97.260817,97.488739
2008-02-29,96.584174,96.641147,94.575560,95.316330
2008-03-03,94.831991,95.309212,94.190950,95.088409
2008-03-04,94.183832,95.017190,93.300621,94.725166
2008-03-05,95.031414,95.992986,94.262158,95.323448
2008-03-06,94.718011,94.888960,92.987193,93.350449
2008-03-07,92.431628,93.834806,91.584022,92.388893
2008-03-10,92.481485,92.545587,90.878872,91.170906
2008-03-11,93.108296,94.532842,91.847570,94.447372
2008-03-12,94.547042,95.280681,93.421650,93.564102
2008-03-13,92.317637,94.475822,91.598246,93.770668
2008-03-14,94.568442,94.596928,91.014197,92.317657
2008-03-17,90.152311,92.068320,89.796175,91.384544
2008-03-18,93.037060,95.223742,92.581205,95.181007
2008-03-19,95.544248,95.907503,92.623926,92.823372
2008-03-20,93.089646,95.136831,92.524159,94.542717
2008-03-24,95.423147,97.212645,95.373047,96.432426
2008-03-25,96.532636,97.026539,95.752418,96.525482
2008-03-26,96.246312,96.697258,95.279979,95.344398
2008-03-27,96.060211,96.232006,94.743143,95.043777
2008-03-28,95.194095,95.458937,93.812597,94.134705
2008-03-31,93.977240,95.007993,93.834083,94.463989
2008-04-01,95.637882,97.949909,95.566298,97.785278
2008-04-02,98.100212,98.544004,97.334302,97.849678
2008-04-03,97.320056,98.379435,97.141106,98.093109
2008-04-04,98.150318,98.751597,97.434519,97.985687
2008-04-07,98.687204,99.188272,97.878359,98.035835
2008-04-08,97.484636,98.007166,97.312840,97.935593
2008-04-09,97.785289,97.921293,96.554114,97.226967
2008-04-10,96.933500,97.828249,96.561281,97.362984
2008-04-11,96.267773,96.718719,95.208383,95.473236
2008-04-14,95.337299,95.587822,94.879188,95.151184
2008-04-15,95.616401,95.695139,94.721652,95.373032
2008-04-16,96.303565,98.000016,96.289257,97.957069
2008-04-17,97.362955,98.243385,97.105267,98.100227
2008-04-18,99.453097,99.896889,98.966348,99.123825
2008-04-21,98.944874,99.481723,98.672878,99.173935
2008-04-22,98.916285,99.002177,97.992898,98.737335
2008-04-23,98.844668,99.338571,98.150343,98.579826
2008-04-24,98.837497,100.025726,98.093060,99.009293
2008-04-25,99.782361,100.133106,98.715828,99.925529
2008-04-28,100.125948,100.390790,99.768049,99.946999
2008-04-29,99.775202,100.018571,99.216880,99.553307
2008-04-30,99.703634,100.634175,98.966362,98.966362
2008-05-01,99.052230,101.013512,98.973492,101.013512
2008-05-02,101.886793,101.908266,100.612672,101.292679
2008-05-05,100.963431,101.364276,100.505320,100.805954
2008-05-06,100.226136,101.786572,99.989921,101.679207
2008-05-07,101.564726,101.672092,99.589125,99.868286
2008-05-08,100.025753,100.440918,99.481739,99.610588
2008-05-09,99.209715,99.775191,99.102339,99.424446
2008-05-12,99.675008,100.612703,99.302790,100.541130
2008-05-13,100.784488,100.848908,100.018578,100.555428
2008-05-14,100.977758,101.786603,100.541120,100.763016
2008-05-15,100.956283,102.094411,100.805971,102.022827
2008-05-16,102.259033,102.266187,101.364284,102.115875
2008-05-19,102.223254,103.289799,101.858201,102.395050
2008-05-20,101.836704,101.886805,100.927637,101.564697
2008-05-21,101.507419,101.729315,99.496026,99.846771
2008-05-22,99.803857,100.333552,99.496069,99.861122
2008-05-23,99.531824,99.968461,98.436653,98.522545
2008-05-27,98.637106,99.496062,98.443837,99.252693
2008-05-28,99.617758,100.211873,98.780274,99.710815
2008-05-29,99.589119,100.877548,99.553327,100.211861
2008-05-30,100.548257,100.741525,100.168884,100.462364
2008-06-02,100.090145,100.111618,98.780232,99.424446
2008-06-03,99.710810,99.939860,98.229101,98.844688
2008-06-04,98.565502,99.610574,98.393718,98.794563
2008-06-05,99.195447,100.848941,99.009343,100.770203
2008-06-06,99.889701,100.068651,97.506090,97.556190
2008-06-09,97.964230,98.422341,96.926324,97.792435
2008-06-10,97.112433,98.136032,96.883383,97.305702
2008-06-11,97.327194,97.534771,95.866958,95.874123
2008-06-12,96.346573,97.255630,95.573509,96.239197
2008-06-13,96.754506,97.720839,96.217657,97.455986
2008-06-16,97.026514,98.014309,96.962095,97.513252
2008-06-17,98.114600,98.150381,96.897733,97.040901
2008-06-18,96.410916,97.005030,95.709436,96.095963
2008-06-19,96.024436,96.804665,95.559171,96.217705
2008-06-20,95.562336,95.742181,94.396945,94.655922
2008-06-23,95.022795,95.123508,94.468881,94.562393
2008-06-24,94.274699,95.274636,93.656032,94.375412
2008-06-25,94.756624,95.965176,94.411325,94.821365
2008-06-26,93.929335,94.540800,92.138077,92.245979
2008-06-27,92.281989,92.699230,91.389960,91.742455
2008-06-30,92.001377,92.735147,91.576946,92.066124
2008-07-01,91.015853,92.418646,90.591422,92.353905
2008-07-02,92.648853,92.915031,90.605819,90.771278
2008-07-03,91.440305,91.440305,89.915219,90.864799
2008-07-07,91.210064,91.605719,89.145444,89.936760
2008-07-08,89.915173,91.641683,89.346863,91.533775
2008-07-09,91.720880,91.893529,89.483609,89.771362
2008-07-10,89.512383,90.490739,88.900911,90.138245
2008-07-11,89.181436,90.569838,88.116753,89.087914
2008-07-14,90.109443,90.282092,88.052018,88.282219
2008-07-15,87.620390,88.836137,86.339890,87.037689
2008-07-16,87.368589,89.613054,87.116808,89.174232
2008-07-17,90.023146,90.828853,89.267795,90.066307
2008-07-18,90.764059,90.943903,90.030294,90.627380
2008-07-21,91.008679,91.217299,90.059098,90.677765
2008-07-22,90.030327,91.936683,89.814511,91.706482
2008-07-23,92.001402,92.907816,91.756816,92.202827
2008-07-24,92.325115,92.375477,90.037495,90.289276
2008-07-25,90.562673,90.994300,90.044719,90.267731
2008-07-28,90.289295,90.684950,88.785789,88.944054
2008-07-29,89.188609,90.915115,88.944018,90.843178
2008-07-30,91.440267,92.512146,90.843182,92.461784
2008-07-31,91.648938,92.490616,91.095012,91.238892
2008-08-01,91.447470,91.562568,90.253298,90.756866
2008-08-04,90.670573,90.742510,89.749768,89.915222
2008-08-05,90.656165,92.483389,89.900821,92.339516
2008-08-06,92.094908,93.015712,91.706443,92.749535
2008-08-07,92.051778,92.397083,91.030261,91.368370
2008-08-08,91.059008,93.468921,90.915129,93.066071
2008-08-11,93.138026,94.605554,92.965371,94.030060
2008-08-12,93.720714,94.022852,92.605674,93.051697
2008-08-13,92.648839,93.267505,91.843137,92.490585
2008-08-14,91.965450,93.720737,91.900708,93.188393
2008-08-15,93.468962,93.879013,93.015760,93.641617
2008-08-18,93.828636,93.864607,91.835963,92.361107
2008-08-19,91.663291,91.857527,91.023044,91.353958
2008-08-20,91.641720,92.044571,90.886370,91.778404
2008-08-21,91.181303,92.397055,91.073395,91.936653
2008-08-22,92.562551,93.267540,91.936695,93.267540
2008-08-25,92.656034,93.267499,91.181304,91.375534
2008-08-26,91.375529,91.987005,91.059005,91.641701
2008-08-27,91.756829,92.677634,91.576984,92.533760
2008-08-28,93.001338,93.763878,92.879045,93.655975
2008-08-29,93.325075,93.620024,92.447432,92.648857
2008-09-02,93.540868,94.030051,91.735225,92.073334
2008-09-03,91.994179,92.440196,91.310771,91.994179
2008-09-04,91.339586,91.526626,89.174253,89.224609
2008-09-05,88.692284,89.886451,87.764284,89.505180
2008-09-08,92.109303,92.253188,89.505154,91.353958
2008-09-09,91.433120,91.620160,88.339792,88.641930
2008-09-10,89.123888,89.850462,88.159922,89.001595
2008-09-11,87.850581,90.454730,87.476501,90.289276
2008-09-12,89.411641,90.792848,89.080727,90.706520
2008-09-15,87.498104,90.390011,86.246385,86.390259
2008-09-16,84.311245,87.994469,84.167371,87.836205
2008-09-17,86.066505,87.656332,83.447966,83.886787
2008-09-18,84.922719,87.613195,81.865357,86.375862
2008-09-19,91.672920,92.613528,89.234583,89.806183
2008-09-22,90.044912,90.261977,87.085624,87.772987
2008-09-23,87.440169,88.286713,85.580664,85.776024
2008-09-24,86.354874,86.825178,85.226148,86.050987
2008-09-25,86.391057,88.207152,85.696457,87.396782
2008-09-26,85.978623,87.910482,85.747090,87.440178
2008-09-29,86.202947,86.347653,80.291599,80.588249
2008-09-30,82.129391,84.509848,79.973229,83.923775
2008-10-01,83.402819,84.430254,82.447742,83.974419
2008-10-02,83.171266,83.287035,80.356684,80.928284
2008-10-03,81.659063,83.533037,79.358196,79.835732
2008-10-06,77.527642,77.867708,72.817375,75.769432
2008-10-07,77.303325,77.657865,72.101055,72.375999
2008-10-08,70.559943,73.931658,70.046228,70.552711
2008-10-09,72.108301,72.802902,65.299759,65.625351
2008-10-10,62.774621,67.969662,60.473753,64.033585
2008-10-13,67.919001,73.331100,65.082707,73.331100
2008-10-14,75.754932,76.355474,70.263245,72.245750
2008-10-15,70.516534,70.762541,64.909073,65.133369
2008-10-16,66.052235,68.570162,62.615406,67.846619
2008-10-17,66.558751,71.334136,66.312749,67.441475
2008-10-20,68.989828,71.703114,68.078162,71.493286
2008-10-21,70.161974,71.370290,68.895774,69.358841
2008-10-22,67.434224,69.358851,63.331735,65.581955
2008-10-23,65.328691,66.891541,62.087216,66.341652
2008-10-24,60.821042,65.061006,60.777631,62.977203
2008-10-27,62.203000,64.764343,60.560554,60.741440
2008-10-28,63.194265,68.186714,61.161110,67.839417
2008-10-29,67.846646,70.306694,66.638330,67.347404
2008-10-30,69.300970,69.850864,67.217167,69.677216
2008-10-31,68.794491,71.319655,68.360366,70.060692
2008-11-03,70.024520,70.682947,69.423978,70.263290
2008-11-04,71.674175,72.976555,69.973850,72.650963
2008-11-05,71.775479,72.868031,68.736600,69.597618
2008-11-06,68.345889,69.054964,65.162298,65.741135
2008-11-07,66.312729,68.013054,65.480653,67.911758
2008-11-10,68.888516,69.120050,65.784517,67.021774
2008-11-11,65.668781,66.667268,64.142104,64.952469
2008-11-12,63.838224,64.359171,61.588004,62.094482
2008-11-13,62.318758,66.370604,59.395644,65.965416
2008-11-14,64.691987,66.609372,62.600943,62.673302
2008-11-17,62.499627,64.076950,61.616909,61.841206
2008-11-18,61.609711,63.107445,59.988975,63.006149
2008-11-19,62.159589,62.854190,58.549105,58.968761
2008-11-20,57.977538,59.699575,54.301941,54.591354
2008-11-21,56.045673,58.534664,53.788216,57.536171
2008-11-24,59.272642,62.941005,58.143917,61.522861
2008-11-25,63.165309,63.317252,60.647377,61.978699
2008-11-26,60.994682,64.532807,60.951266,64.373627
2008-11-28,64.127648,65.212963,64.019121,65.184021
2008-12-01,63.317276,63.346218,59.229255,59.410141
2008-12-02,60.394136,61.855691,59.359469,61.696510
2008-12-03,60.343539,63.548837,60.155416,63.179829
2008-12-04,62.268120,63.707975,60.589500,61.718231
2008-12-05,60.524380,63.975678,59.504181,63.621143
2008-12-08,65.364897,66.840925,63.729693,65.842438
2008-12-09,65.386626,66.660058,64.380901,64.757141
2008-12-10,65.350422,66.102908,64.395345,65.198479
2008-12-11,64.786036,65.842408,63.215949,63.628368
2008-12-12,61.899144,64.446015,61.645900,64.388130
2008-12-15,64.409826,64.503890,62.434556,63.490929
2008-12-16,66.479134,66.580429,63.802027,66.479134
2008-12-17,65.726657,66.877094,65.162294,65.835190
2008-12-18,66.131848,66.327202,63.823743,64.605171
2008-12-19,64.991052,66.099769,64.254340,64.327286
2008-12-22,64.611726,64.677371,62.357826,63.503010
2008-12-23,63.845844,64.137611,62.583956,62.846546
2008-12-24,63.058064,63.364423,62.729829,63.211246
2008-12-26,63.634315,63.678084,63.094548,63.575966
2008-12-29,63.634319,63.699969,62.438076,63.393616
2008-12-30,63.831232,64.954534,63.371696,64.896179
2008-12-31,64.976458,66.355055,64.823281,65.822578
2009-01-02,65.968467,68.156717,65.538108,67.806595
2009-01-05,67.565876,68.317180,67.026109,67.726349
2009-01-06,68.302588,68.893414,67.602349,68.178589
2009-01-07,67.106349,67.295998,65.793396,66.136223
2009-01-08,65.764250,66.442603,65.406832,66.406136
2009-01-09,66.493616,66.610320,62.262998,64.983719
2009-01-12,64.801368,64.852433,63.028891,63.422771
2009-01-13,63.262321,64.101146,62.875725,63.539497
2009-01-14,62.394306,62.547483,60.658296,61.540890
2009-01-15,61.358531,62.182770,59.607930,61.562767
2009-01-16,62.627721,62.722543,60.578062,62.044186
2009-01-20,61.438752,62.044163,58.389791,58.769085
2009-01-21,59.768380,61.446035,58.696137,61.307449
2009-01-22,60.118521,61.300178,59.206750,60.359230
2009-01-23,59.009864,61.263761,58.769155,60.621876
2009-01-26,60.971909,62.262979,60.402965,61.037560
2009-01-27,61.365836,62.109845,60.760425,61.657604
2009-01-28,63.021559,64.152150,62.780850,63.743679
2009-01-29,62.810080,63.816673,61.613837,61.672192
2009-01-30,61.985846,62.292200,59.965358,60.417599
2009-02-02,59.498532,60.672894,59.308882,60.235245
2009-02-03,60.614526,61.533593,59.972641,61.081352
2009-02-04,61.489834,62.270310,60.570768,60.782299
2009-02-05,60.322768,62.211960,56.697571,61.686779
2009-02-06,61.898295,63.707245,61.767000,63.444660
2009-02-09,63.430067,63.999011,62.963241,63.532185
2009-02-10,62.926832,63.481190,60.140458,60.621876
2009-02-11,60.869808,61.307462,60.103924,60.979221
2009-02-12,59.936179,61.139718,59.119236,61.023014
2009-02-13,60.942775,61.446069,60.351944,60.366535
2009-02-17,58.470047,60.512410,57.747920,57.784393
2009-02-18,58.200148,58.309562,57.098728,57.645790
2009-02-19,58.236632,58.462755,56.909093,57.025803
2009-02-20,55.968168,57.142525,55.267923,56.471462
2009-02-23,57.091415,57.091415,54.407163,54.450932
2009-02-24,54.917781,56.858027,54.487422,56.515205
2009-02-25,56.267218,57.200871,55.165797,56.070278
2009-02-26,56.763196,58.112615,55.092831,55.158482
2009-02-27,53.984121,55.209541,53.838234,53.925766
2009-03-02,52.897293,53.918478,51.329052,51.496815
2009-03-03,52.233520,52.299165,50.796569,51.110218
2009-03-04,51.956344,53.152587,51.110218,52.321053
2009-03-05,51.132111,52.321063,49.724336,50.183872
2009-03-06,50.621515,51.387399,48.943855,50.271393
2009-03-09,49.563856,51.059162,49.403389,49.680565
2009-03-10,50.701757,52.787889,50.599639,52.642002
2009-03-11,53.247427,53.794490,52.394011,52.984837
2009-03-12,52.970239,55.253311,52.496117,55.070957
2009-03-13,55.442948,56.150483,54.509296,55.501297
2009-03-16,56.135899,56.872611,55.297069,55.333542
2009-03-17,55.486733,57.157098,55.034492,57.025803
2009-03-18,56.755908,59.009808,56.216141,58.302273
2009-03-19,59.031688,59.082747,57.397796,57.580151
2009-03-20,57.860055,57.970252,56.221811,56.354046
2009-03-23,57.845334,60.453299,57.529440,60.401875
2009-03-24,59.681925,60.504721,59.145643,59.211758
2009-03-25,59.674623,60.754536,58.080455,59.836239
2009-03-26,60.423959,61.195331,59.740746,61.055748
2009-03-27,60.277016,60.629639,59.733380,59.953773
2009-03-30,58.624081,58.675505,57.272345,57.882095
2009-03-31,58.447759,59.564411,58.073098,58.418373
2009-04-01,57.691114,59.814218,57.544189,59.549747
2009-04-02,61.033672,62.157667,59.601126,61.290794
2009-04-03,61.334881,61.915245,60.732478,61.900555
2009-04-06,61.224676,61.915237,60.453311,61.415684
2009-04-07,60.423959,60.717815,59.880328,59.983177
2009-04-08,60.284316,60.930801,59.902308,60.629597
2009-04-09,62.201789,63.046624,61.952015,63.039276
2009-04-13,62.385406,63.575520,62.135632,63.053928
2009-04-14,62.466225,63.002513,61.768321,61.966671
2009-04-15,61.592008,62.752737,61.423044,62.627850
2009-04-16,63.127411,64.023670,62.275228,63.546154
2009-04-17,63.788577,64.390980,63.281676,63.972237
2009-04-20,62.840880,63.950184,61.224674,61.290794
2009-04-21,60.842683,62.539694,60.791259,62.488270
2009-04-22,61.922614,63.428618,61.760993,62.106274
2009-04-23,62.231129,62.752720,61.437719,62.715992
2009-04-24,63.200871,64.141206,62.951097,63.663696
2009-04-27,62.943759,63.920829,62.840910,63.061298
2009-04-28,62.422160,63.612270,62.267887,62.862942
2009-04-29,63.560860,64.912597,63.399244,64.199997
2009-04-30,65.052159,65.397434,63.854697,64.222015
2009-05-01,64.236737,64.802406,63.707797,64.567322
2009-05-04,65.052169,66.807952,64.927276,66.763870
2009-05-05,66.536148,66.800618,65.999860,66.536148
2009-05-06,67.351551,67.733560,66.565489,67.689484
2009-05-07,68.328625,68.431473,66.323062,66.749153
2009-05-08,67.608701,68.482922,67.175267,68.306610
2009-05-11,67.366268,67.667472,66.881410,67.028336
2009-05-12,67.314852,67.461783,66.007198,66.829994
2009-05-13,65.926335,66.124690,65.015386,65.147621
2009-05-14,65.177054,66.205547,65.015432,65.705994
2009-05-15,65.654556,66.117376,64.758298,65.169693
2009-05-18,65.786805,67.101801,65.066857,67.020996
2009-05-19,66.984262,67.564626,66.712444,66.940186
2009-05-20,67.549940,68.174387,66.418603,66.492065
2009-05-21,65.720677,65.970457,64.839114,65.537018
2009-05-22,65.720673,66.117378,65.147656,65.397430
2009-05-26,64.912597,67.263435,64.883210,67.072433
2009-05-27,67.175274,67.403010,65.772113,65.874962
2009-05-28,66.455303,67.101782,65.456196,66.793236
2009-05-29,67.160557,68.835530,66.616927,67.976006
2009-06-01,68.813512,69.915469,68.637201,69.621613
2009-06-02,69.349797,70.062397,69.224910,69.680382
2009-06-03,69.085313,69.151428,68.144978,68.798805
2009-06-04,69.055917,69.548123,68.541673,69.445274
2009-06-05,70.150578,70.282813,68.909043,69.460022
2009-06-08,68.938373,69.864017,68.350666,69.173462
2009-06-09,69.562827,69.893411,69.070615,69.526093
2009-06-10,70.143195,70.150537,68.460874,69.349785
2009-06-11,69.482014,70.606008,69.467318,69.658325
2009-06-12,69.349796,69.893426,69.055940,69.849350
2009-06-15,69.026532,69.070608,67.880499,68.247818
2009-06-16,68.490266,68.534342,67.278113,67.322189
2009-06-17,67.292802,67.829089,66.727133,67.256073
2009-06-18,67.358942,68.078883,67.035699,67.748299
2009-06-19,68.396924,68.485575,67.613806,67.997978
2009-06-22,67.333068,67.370010,65.936761,65.958923
2009-06-23,66.099322,66.402222,65.641272,66.010666
2009-06-24,66.609112,67.288795,66.195387,66.579559
2009-06-25,66.247054,68.094023,66.173177,68.027534
2009-06-26,67.798505,68.145736,67.429111,67.850220
2009-06-29,68.049714,68.574252,67.672931,68.485596
2009-06-30,68.500357,68.751542,67.429112,67.931488
2009-07-01,68.219618,68.877144,68.123578,68.212234
2009-07-02,67.325694,68.234405,66.313558,66.350494
2009-07-06,65.707744,66.439142,65.500884,66.343102
2009-07-07,66.276610,66.357877,65.013284,65.057610
2009-07-08,65.449157,65.604307,64.274488,65.013275
2009-07-09,65.463946,65.678195,64.946797,65.138878
2009-07-10,64.791633,65.375275,64.533058,64.983719
2009-07-13,65.242290,66.616435,64.710363,66.564720
2009-07-14,66.771597,67.000625,66.291390,66.941521
2009-07-15,67.828070,69.084012,66.993242,68.899315
2009-07-16,68.707223,69.822794,68.574241,68.788490
2009-07-17,69.490308,69.682394,69.106141,69.542023
2009-07-20,69.948401,70.399062,69.586397,70.280853
2009-07-21,70.827542,70.849705,69.756297,70.605904
2009-07-22,70.155246,71.019625,70.103531,70.591133
2009-07-23,70.635455,72.460260,70.576350,72.149971
2009-07-24,71.810146,72.504608,71.433368,72.445503
2009-07-27,72.312498,72.696671,71.913552,72.659729
2009-07-28,72.149967,72.674506,71.706690,72.319885
2009-07-29,71.987388,72.467595,71.647547,72.142532
2009-07-30,73.014319,73.753106,72.844396,72.896111
2009-07-31,72.881362,73.487167,72.681886,72.999565
2009-08-03,73.767932,74.270307,73.368986,74.203819
2009-08-04,73.871313,74.499281,73.716168,74.395851
2009-08-05,74.447599,74.514093,73.568446,74.181641
2009-08-06,74.521492,74.632306,73.450247,73.797478
2009-08-07,74.573201,75.378477,74.166866,74.765282
2009-08-10,74.425449,74.780069,74.078218,74.610146
2009-08-11,74.277668,74.329383,73.479777,73.679253
2009-08-12,73.553679,75.031254,73.516743,74.469780
2009-08-13,74.809583,75.068157,74.070795,75.038605
2009-08-14,75.001699,75.060803,73.657106,74.462387
2009-08-17,73.029126,73.103004,72.482425,72.630180
2009-08-18,72.792709,73.465009,72.659728,73.206429
2009-08-19,72.630167,74.100357,72.556289,73.849167
2009-08-20,73.945236,74.780069,73.782707,74.610146
2009-08-21,75.223315,76.191125,75.075560,76.072922
2009-08-24,76.383223,76.796942,75.792191,76.065544
2009-08-25,76.368463,77.025983,76.050784,76.213318
2009-08-26,75.976879,76.567911,75.718305,76.220680
2009-08-27,76.176346,76.627006,75.311966,76.390594
2009-08-28,77.003836,77.092487,75.851324,76.375862
2009-08-31,75.629648,75.784793,75.201150,75.696136
2009-09-01,75.319344,76.272380,73.871322,74.026466
2009-09-02,73.716191,74.203793,73.561046,73.745743
2009-09-03,74.174220,74.447568,73.575799,74.358917
2009-09-04,74.506710,75.422805,74.285077,75.400642
2009-09-08,76.095091,76.132033,75.644431,76.050766
2009-09-09,76.183754,76.892989,75.947342,76.634415
2009-09-10,76.686143,77.469256,76.257645,77.417542
2009-09-11,77.565252,77.794279,77.040714,77.402718
2009-09-14,76.745237,77.912523,76.205926,77.779541
2009-09-15,77.905085,78.392687,77.395326,78.104561
2009-09-16,78.385323,79.301417,78.111975,79.286644
2009-09-17,79.175833,79.833353,78.732562,79.168449
2009-09-18,79.538117,79.545542,78.951695,79.218925
2009-09-21,78.602796,79.426757,78.432069,79.018486
2009-09-22,79.486169,79.701439,79.129860,79.478745
2009-09-23,79.664313,80.191350,78.677045,78.818085
2009-09-24,78.988815,79.159542,77.608125,77.949585
2009-09-25,77.778883,78.209422,77.266689,77.533920
2009-09-28,77.830821,79.092745,77.815977,78.922012
2009-09-29,79.063018,79.441590,78.521132,78.684441
2009-09-30,78.951714,79.025943,77.660102,78.380135
2009-10-01,76.457556,78.484055,76.420438,76.435287
2009-10-02,75.730072,76.531764,75.707804,76.078957
2009-10-05,76.383342,77.437416,76.160648,77.214722
2009-10-06,77.771429,78.766122,77.726892,78.320740
2009-10-07,78.142584,78.617665,77.994125,78.536011
2009-10-08,79.092754,79.552981,78.573136,79.137291
2009-10-09,79.159550,79.619781,78.951705,79.619781
2009-10-12,79.990958,80.235915,79.634648,79.931572
2009-10-13,79.716296,79.953834,79.248645,79.768257
2009-10-14,80.703529,81.223141,79.738529,81.141487
2009-10-15,80.748086,81.438431,80.710974,81.438431
2009-10-16,80.762922,81.111802,80.339808,80.829727
2009-10-19,80.963356,81.750199,80.710975,81.497818
2009-10-20,81.616566,81.646259,80.673839,81.067261
2009-10-21,80.941080,81.883806,80.280427,80.339813
2009-10-22,80.310113,81.416148,79.797920,81.156342
2009-10-23,81.423576,81.475537,79.894421,80.228462
2009-10-26,80.317556,81.141516,79.137291,79.359985
2009-10-27,79.449038,79.716269,78.803236,78.996231
2009-10-28,78.795800,79.040762,77.459646,77.504189
2009-10-29,78.083173,79.322822,77.897596,79.166939
2009-10-30,78.907145,79.144683,76.784149,76.873222
2009-11-02,77.296353,78.246510,76.516935,77.437393
2009-11-03,77.006849,77.793697,76.858390,77.682350
2009-11-04,78.320761,78.929452,77.682377,77.882797
2009-11-05,78.432089,79.337698,78.268781,79.315430
2009-11-06,78.877505,79.723734,78.721621,79.523308
2009-11-09,80.131965,81.379040,80.072585,81.334503
2009-11-10,81.141505,81.601737,80.889124,81.349350
2009-11-11,81.883788,82.262366,81.371601,81.765022
2009-11-12,81.653708,82.076823,80.725825,80.933670
2009-11-13,81.141486,81.720484,80.725797,81.371605
2009-11-16,81.935734,82.908159,81.891197,82.551849
2009-11-17,82.336624,82.685509,82.024857,82.648392
2009-11-18,82.588994,82.715184,82.076801,82.596413
2009-11-19,82.032281,82.626123,81.007895,81.520088
2009-11-20,81.096960,81.475538,80.918808,81.230576
2009-11-23,82.188161,82.945311,82.099082,82.262390
2009-11-24,82.395974,82.544433,81.661093,82.388550
2009-11-25,82.522202,82.767164,82.262396,82.678085
2009-11-27,80.466006,81.891233,80.384352,81.334503
2009-11-30,81.267716,81.802172,80.258179,81.609177
2009-12-01,82.336610,82.885921,82.195576,82.618690
2009-12-02,82.603827,83.145712,82.336596,82.581558
2009-12-03,82.804271,83.271922,81.868963,81.935768
2009-12-04,83.019537,83.420383,81.683389,82.403427
2009-12-07,82.329196,82.789422,82.017423,82.277229
2009-12-08,81.683366,82.225246,81.111787,81.364174
2009-12-09,81.341938,81.787320,80.926242,81.668549
2009-12-10,82.173305,82.485078,81.987729,82.128769
2009-12-11,82.477646,82.663222,82.106493,82.477646
2009-12-14,83.041817,83.138315,82.492506,83.041817
2009-12-15,82.737423,83.078884,82.395963,82.655769
2009-12-16,82.989818,83.234774,82.596391,82.781967
2009-12-17,82.188154,82.344037,81.713078,81.787308
2009-12-18,82.242574,82.317208,81.555976,82.250038
2009-12-21,82.660484,83.362005,82.660484,83.085876
2009-12-22,83.265003,83.563526,83.160522,83.384415
2009-12-23,83.585901,83.667995,83.212750,83.548584
2009-12-24,83.727679,84.033660,83.585879,83.944107
2009-12-28,84.257557,84.324722,83.824700,84.123222
2009-12-29,84.339677,84.354601,83.996379,84.003838
2009-12-30,83.757546,84.070991,83.712764,83.973969
2009-12-31,84.160555,84.182949,83.130659,83.167976
2010-01-04,83.862019,84.623245,83.220198,84.578468
2010-01-05,84.526240,84.839686,84.220253,84.802368
2010-01-06,84.720261,85.071024,84.653097,84.862061
2010-01-07,84.705348,85.324781,84.466532,85.220299
2010-01-08,84.996413,85.541216,84.824766,85.503899
2010-01-11,85.884511,85.921823,85.257614,85.623306
2010-01-12,85.056135,85.235246,84.496408,84.824783
2010-01-13,85.041194,85.780038,84.608343,85.541222
2010-01-14,85.444200,85.929298,85.391959,85.772575
2010-01-15,85.623303,85.705391,84.481455,84.809830
2010-01-19,84.794889,85.921801,84.772495,85.869560
2010-01-20,85.287472,85.414342,84.317282,84.996414
2010-01-21,85.018784,85.279989,83.257510,83.361992
2010-01-22,82.988848,83.391853,81.414150,81.503708
2010-01-25,82.250021,82.399285,81.652982,81.921646
2010-01-26,81.600734,82.444060,81.376847,81.578346
2010-01-27,81.473861,82.152999,80.846969,81.966423
2010-01-28,82.235090,82.279866,80.533520,81.026077
2010-01-29,81.376863,81.944055,80.018592,80.145462
2010-02-01,80.712622,81.399219,80.227524,81.391754
2010-02-02,81.541037,82.533615,81.257438,82.376892
2010-02-03,82.003735,82.451521,81.727606,81.966423
2010-02-04,81.332064,81.369376,79.421526,79.436455
2010-02-05,79.526035,79.764852,78.048358,79.600670
2010-02-08,79.660357,80.100679,78.966295,79.026001
2010-02-09,79.951423,80.712655,79.309602,80.018593
2010-02-10,79.891707,80.302170,79.190181,79.861855
2010-02-11,79.757333,80.787228,79.294624,80.697670
2010-02-12,79.846896,80.675292,79.488674,80.630516
2010-02-16,81.242517,81.981355,80.466362,81.899261
2010-02-17,82.294790,82.399277,81.899250,82.287331
2010-02-18,82.153005,82.944084,82.123153,82.772438
2010-02-19,82.556002,83.264987,82.361961,82.944077
2010-02-22,83.250088,83.272476,82.712749,82.959030
2010-02-23,82.735097,82.988837,81.735049,81.951477
2010-02-24,82.197783,82.839604,81.988819,82.705269
2010-02-25,81.526117,82.653036,81.302230,82.593330
2010-02-26,82.667949,82.929160,82.175393,82.645561
2010-03-01,82.988856,83.585901,82.966468,83.503807
2010-03-02,83.862029,84.138157,83.585895,83.735153
2010-03-03,83.951562,84.309790,83.600799,83.809769
2010-03-04,83.921700,84.182911,83.608255,84.063499
2010-03-05,84.608339,85.332248,84.406834,85.265083
2010-03-08,85.272540,85.466574,85.130741,85.279999
2010-03-09,85.026282,85.817361,84.981506,85.421822
2010-03-10,85.459100,86.033751,85.384471,85.802399
2010-03-11,85.600910,86.183031,85.339705,86.160637
2010-03-12,86.533785,86.548714,85.929282,86.168098
2010-03-15,86.018829,86.250181,85.526267,86.190475
2010-03-16,86.429304,86.959179,86.190488,86.877090
2010-03-17,87.138304,87.675643,86.884558,87.392044
2010-03-18,87.399500,87.518906,86.996496,87.347260
2010-03-19,86.905136,87.894312,86.567913,86.905136
2010-03-22,86.410558,87.527133,86.358102,87.369759
2010-03-23,87.497142,88.059174,87.212376,87.984238
2010-03-24,87.654506,87.999218,86.612874,87.557083
2010-03-25,88.149089,88.553752,87.309791,87.414703
2010-03-26,87.579594,87.991747,87.017562,87.362274
2010-03-29,87.804386,88.074162,87.444689,87.916794
2010-03-30,88.021706,88.298978,87.609553,87.976746
2010-03-31,87.639508,88.066652,87.384723,87.676979
2010-04-01,88.276527,88.613744,87.751961,88.276527
2010-04-05,88.613712,89.055841,88.366417,88.995895
2010-04-06,88.741104,89.363087,88.643687,89.205719
2010-04-07,89.025879,89.445528,88.283993,88.696152
2010-04-08,88.388892,89.153258,88.126611,89.003380
2010-04-09,89.190724,89.625364,89.025866,89.587898
2010-04-12,89.700310,89.962596,89.595398,89.730286
2010-04-13,89.640354,89.955090,89.175738,89.797722
2010-04-14,90.127411,90.816841,89.985034,90.816841
2010-04-15,90.667000,91.101640,90.637024,90.891815
2010-04-16,90.569590,90.891822,88.988406,89.445526
2010-04-19,89.183202,89.872627,88.778539,89.782700
2010-04-20,90.344749,90.659491,89.827683,90.584549
2010-04-21,90.637022,90.846852,89.917622,90.419708
2010-04-22,89.782717,90.801868,89.265651,90.689461
2010-04-23,90.629556,91.318980,90.397245,91.281509
2010-04-26,91.311471,91.513806,90.846861,90.936783
2010-04-27,90.412209,90.929274,88.613705,88.786064
2010-04-28,89.213205,89.685310,88.628687,89.460495
2010-04-29,90.000075,90.756947,89.977595,90.569603
2010-04-30,90.584556,90.681978,89.010868,89.033348
2010-05-03,89.460498,90.434689,89.325610,90.187393
2010-05-04,89.183232,89.198217,87.617034,88.066658
2010-05-05,87.347267,88.276498,86.905138,87.542107
2010-05-06,87.122442,87.676978,78.684468,84.634514
2010-05-07,84.409694,85.256486,81.989213,83.375557
2010-05-10,86.785230,87.414708,86.110796,87.047516
2010-05-11,86.230705,87.946776,86.110807,86.800232
2010-05-12,87.144933,88.141604,86.995054,88.014206
2010-05-13,87.774408,88.186568,86.845184,86.920120
2010-05-14,86.268171,86.425539,84.582075,85.346436
2010-05-17,85.578717,85.818517,83.757733,85.391373
2010-05-18,86.088315,86.343106,83.952595,84.229866
2010-05-19,83.757764,84.507140,82.701147,83.750275
2010-05-20,81.966740,82.348923,80.535435,80.587891
2010-05-21,79.366419,81.966749,78.954259,81.764420
2010-05-24,81.322287,81.974246,80.640357,80.715294
2010-05-25,78.766906,80.835185,78.219859,80.797714
2010-05-26,81.292294,82.034175,80.070808,80.310608
2010-05-27,81.824380,83.030876,81.517133,83.000900
2010-05-28,82.910949,82.970900,81.569565,81.959244
2010-06-01,81.194871,82.393871,80.460486,80.580383
2010-06-02,80.992554,82.686140,80.565410,82.678650
2010-06-03,82.918464,83.225705,82.116632,82.963425
2010-06-04,81.389723,81.929275,79.778564,80.048340
2010-06-07,80.333091,80.640338,78.991713,79.051659
2010-06-08,79.111613,80.055829,78.422189,79.898460
2010-06-09,80.363075,81.142426,79.134099,79.471321
2010-06-10,80.827715,81.891828,79.463850,81.794411
2010-06-11,81.074968,82.243992,81.022512,82.191536
2010-06-14,82.821013,83.270643,81.981716,82.064148
2010-06-15,82.641172,84.005036,82.498789,83.930099
2010-06-16,83.495475,84.244851,83.330611,83.900139
2010-06-17,84.139908,84.177379,83.218179,84.034996
2010-06-18,84.201430,84.427309,83.855077,84.126137
2010-06-21,85.172730,85.232960,83.418375,83.885201
2010-06-22,83.885186,84.254126,82.379304,82.499771
2010-06-23,82.552485,82.846132,81.679076,82.243782
2010-06-24,81.837190,81.942601,80.670128,80.880951
2010-06-25,81.121886,81.633887,80.391532,81.219772
2010-06-28,81.340262,81.558615,80.670144,80.963791
2010-06-29,79.826842,80.948729,77.967081,78.464020
2010-06-30,78.245654,78.968477,77.462594,77.718597
2010-07-01,77.665915,77.921913,76.144970,77.372269
2010-07-02,77.635787,77.869197,76.513906,76.950607
2010-07-06,78.034848,78.584498,76.709670,77.455086
2010-07-07,77.650840,79.992488,77.568016,79.894608
2010-07-08,80.564700,80.775522,79.743997,80.685173
2010-07-09,80.662571,81.295045,80.511985,81.287514
2010-07-12,81.016468,81.498350,80.677647,81.340233
2010-07-13,82.183549,82.891310,82.017901,82.567551
2010-07-14,82.304002,82.883770,81.965181,82.560005
2010-07-15,82.529890,82.868711,81.445653,82.582596
2010-07-16,82.138358,82.228713,80.150593,80.308716
2010-07-19,80.602346,81.039048,79.977404,80.783051
2010-07-20,79.713900,81.739308,79.676250,81.679077
2010-07-21,82.100688,82.123276,80.286098,80.617393
2010-07-22,81.573650,82.778361,81.566125,82.416946
2010-07-23,82.251295,83.252708,82.017885,83.132240
2010-07-26,83.275285,84.080932,83.041875,83.998108
2010-07-27,84.457420,84.547776,83.659305,83.990601
2010-07-28,83.817418,84.073421,83.169888,83.448479
2010-07-29,83.968008,84.193892,82.379307,83.041893
2010-07-30,82.198591,83.471063,82.055536,83.026825
2010-08-02,84.321866,85.037164,83.983045,84.901634
2010-08-03,84.690845,84.909193,84.216489,84.495079
2010-08-04,84.728480,85.165188,84.449896,85.059776
2010-08-05,84.517658,85.014602,84.389659,84.969421
2010-08-06,84.133664,84.758607,83.516253,84.623077
2010-08-09,85.022093,85.217859,84.570330,85.074799
2010-08-10,84.351996,85.067294,83.855058,84.615524
2010-08-11,83.312956,83.343074,82.160956,82.296486
2010-08-12,81.054128,82.085654,81.016479,81.792007
2010-08-13,81.536007,82.040476,81.453183,81.551064
2010-08-16,80.993881,81.776941,80.700235,81.513412
2010-08-17,82.213667,83.117195,81.980252,82.514839
2010-08-18,82.477185,83.109653,82.002834,82.665421
2010-08-19,82.236239,82.439531,80.888474,81.227295
2010-08-20,80.986378,81.272500,80.376497,80.963791
2010-08-23,81.347764,81.746822,80.617410,80.655060
2010-08-24,79.774135,80.105431,79.036256,79.457901
2010-08-25,79.021170,80.067758,78.524232,79.766586
2010-08-26,80.143068,80.248479,78.968476,79.232010
2010-08-27,79.728951,80.542129,78.539302,80.459305
2010-08-30,80.248475,80.496947,79.284711,79.292236
2010-08-31,78.998590,79.796711,78.674825,79.292236
2010-09-01,80.361446,81.776974,80.308741,81.664032
2010-09-02,81.859778,82.439541,81.686599,82.424484
2010-09-03,83.230094,83.568915,82.785855,83.493622
2010-09-07,83.102132,83.207544,82.484721,82.552483
2010-09-08,82.718120,83.463531,82.680471,83.132240
2010-09-09,84.065900,84.088488,83.290372,83.516251
2010-09-10,83.666822,84.035762,83.478587,83.937881
2010-09-13,84.766148,85.044732,84.427321,84.871559
2010-09-14,84.705882,85.300707,84.389649,84.818825
2010-09-15,84.570326,85.240443,84.314329,85.142563
2010-09-16,84.879077,85.172724,84.592956,85.120018
2010-09-17,85.568116,85.651383,84.917120,85.151779
2010-09-20,85.447037,86.643055,85.174527,86.453812
2010-09-21,86.521940,86.930700,85.923931,86.279709
2010-09-22,86.143427,86.627889,85.613543,85.855774
2010-09-23,85.151791,86.045019,84.917132,85.159363
2010-09-24,86.105590,86.976109,86.029894,86.915550
2010-09-27,86.945831,87.044235,86.415953,86.499214
2010-09-28,86.612759,87.082084,85.674115,86.802002
2010-09-29,86.582481,86.983682,86.309971,86.650612
2010-09-30,87.089661,87.649819,85.984476,86.393242
2010-10-01,87.044224,87.142634,86.241835,86.756577
2010-10-04,86.574931,86.938275,85.674132,86.105606
2010-10-05,86.900414,88.051009,86.802004,87.839058
2010-10-06,87.823903,88.058568,87.475696,87.831474
2010-10-07,88.187271,88.209979,87.195639,87.725517
2010-10-08,87.846645,88.459791,87.513575,88.217560
2010-10-11,88.353769,88.543012,87.997991,88.300781
2010-10-12,88.013170,88.830702,87.543851,88.573334
2010-10-13,89.065345,89.739050,88.853388,89.262154
2010-10-14,89.178895,89.330293,88.353798,88.913956
2010-10-15,89.534687,89.587675,88.384092,89.095642
2010-10-18,89.125902,89.829887,88.800404,89.534668
2010-10-19,88.709573,89.209171,87.823911,88.361366
2010-10-20,88.520320,89.655778,88.467332,89.224304
2010-10-21,89.625528,90.147835,88.724729,89.421143
2010-10-22,89.557375,89.723909,89.322715,89.587654
2010-10-25,90.185677,90.655002,89.784483,89.852608
2010-10-26,89.398450,89.958608,89.224350,89.867775
2010-10-27,89.239414,89.708739,88.762524,89.610329
2010-10-28,90.125110,90.162961,89.194037,89.625511
2010-10-29,89.534686,89.867755,89.375722,89.693649
2010-11-01,90.132665,90.647407,89.209159,89.723900
2010-11-02,90.397627,90.647430,90.155396,90.435478
2010-11-03,90.594418,90.851785,89.663340,90.798798
2010-11-04,91.805581,92.592833,90.813950,92.547417
2010-11-05,92.607954,93.046999,92.486841,92.895607
2010-11-08,92.607972,92.872917,92.305188,92.721519
2010-11-09,92.971333,93.069737,91.684482,92.055397
2010-11-10,92.032662,92.471707,91.336249,92.426285
2010-11-11,91.631468,92.214334,91.351387,92.078079
2010-11-12,91.457400,91.858595,90.571744,90.988075
2010-11-15,91.275704,91.631482,90.821522,90.859367
2010-11-16,90.299217,90.450609,89.012360,89.443840
2010-11-17,89.481671,89.860157,89.216732,89.489243
2010-11-18,90.352214,91.131895,90.344643,90.806396
2010-11-19,90.760957,91.094020,90.268924,91.056175
2010-11-22,90.601990,91.018322,89.905572,90.980476
2010-11-23,89.905591,90.094835,89.315154,89.663361
2010-11-24,90.231103,91.010789,90.215966,90.988075
2010-11-26,90.200832,90.692860,89.928322,89.928322
2010-11-29,89.701194,90.443029,89.125893,90.200798
2010-11-30,89.307598,90.208391,89.178908,89.693649
2010-12-01,90.988045,91.775297,90.980479,91.601196
2010-12-02,91.745046,92.842659,91.692058,92.774529
2010-12-03,92.456578,93.130283,92.433870,93.024307
2010-12-06,92.827493,93.137855,92.729089,92.925903
2010-12-07,93.819121,93.872109,92.925894,92.978882
2010-12-08,93.092454,93.395238,92.660980,93.319542
2010-12-09,93.841886,93.879731,93.221169,93.682922
2010-12-10,93.970524,94.318731,93.660169,94.227898
2010-12-13,94.659388,94.772929,94.258188,94.288467
2010-12-14,94.432286,94.795635,94.084080,94.371727
2010-12-15,94.197620,94.568535,93.781283,93.940247
2010-12-16,94.000836,94.553429,93.675338,94.485298
2010-12-17,94.419061,94.708221,94.221212,94.586472
2010-12-20,94.845205,95.043054,94.342979,94.814766
2010-12-21,95.111549,95.476809,95.020239,95.415932
2010-12-22,95.484410,95.743131,95.431143,95.712692
2010-12-23,95.606176,95.712709,95.339843,95.575737
2010-12-27,95.218071,95.705080,95.149588,95.613770
2010-12-28,95.803984,95.842028,95.499601,95.750717
2010-12-29,95.864860,96.032265,95.803982,95.819199
2010-12-30,95.727923,95.979033,95.522463,95.667046
2010-12-31,95.522477,95.781204,95.370289,95.689888
2011-01-03,96.420373,97.097621,95.651809,96.679100
2011-01-04,96.892179,96.922618,96.024693,96.625847
2011-01-05,96.321443,97.188929,96.230127,97.128052
2011-01-06,97.166116,97.272649,96.648668,96.937828
2011-01-07,97.067188,97.226988,95.994247,96.747589
2011-01-10,96.321464,96.762819,96.032298,96.625847
2011-01-11,96.975911,97.204194,96.603040,96.968300
2011-01-12,97.561804,97.949886,96.991084,97.843353
2011-01-13,97.881426,97.927081,97.440072,97.683571
2011-01-14,97.546585,98.414071,97.478102,98.391243
2011-01-18,98.299899,98.649943,98.185761,98.558632
2011-01-19,98.474979,98.573895,97.333549,97.592270
2011-01-20,97.371597,97.706413,96.740004,97.462914
2011-01-21,98.071664,98.292336,97.577038,97.683571
2011-01-24,97.622662,98.353183,97.599835,98.239044
2011-01-25,97.980342,98.376041,97.485727,98.292336
2011-01-26,98.535794,98.961926,98.337939,98.672760
2011-01-27,98.695615,99.083709,98.520599,98.916298
2011-01-28,99.030455,99.190260,97.029150,97.188950
2011-01-31,97.455279,97.995549,97.211768,97.919449
2011-02-01,98.513011,99.662046,98.452133,99.487030
2011-02-02,99.228296,99.563118,99.175036,99.296791
2011-02-03,99.121704,99.669591,98.596656,99.517403
2011-02-04,99.555527,99.837076,99.098951,99.799026
2011-02-07,100.019692,100.750201,100.012075,100.422997
2011-02-08,100.514297,100.932823,100.240353,100.879562
2011-02-09,100.605620,100.925219,100.149044,100.651276
2011-02-10,100.141451,100.803477,99.913163,100.689339
2011-02-11,100.293635,101.419842,100.270807,101.290482
2011-02-14,101.229605,101.617687,101.115466,101.533981
2011-02-15,101.221988,101.374176,100.689323,101.214371
2011-02-16,101.556805,101.975320,101.351345,101.853577
2011-02-17,101.556796,102.294910,101.465474,102.157944
2011-02-18,102.249277,102.492788,102.013384,102.371033
2011-02-22,101.298076,102.393851,100.042508,100.316452
2011-02-23,100.255589,100.499099,99.083726,99.700096
2011-02-24,99.593576,100.019708,98.695645,99.631615
2011-02-25,100.050145,100.757838,99.989268,100.696960
2011-02-28,101.069834,101.450310,100.735012,101.320938
2011-03-01,101.640543,101.731853,99.601182,99.631615
2011-03-02,99.494645,100.308870,99.190268,99.844688
2011-03-03,100.750190,101.678553,100.742584,101.564415
2011-03-04,101.488320,101.686175,100.141441,100.803467
2011-03-07,101.100254,101.328543,99.487037,100.012085
2011-03-08,100.171856,101.206753,99.738119,100.887154
2011-03-09,100.689324,101.054578,100.141436,100.742584
2011-03-10,99.684843,99.821809,98.779307,98.878235
2011-03-11,98.558643,99.920744,98.535815,99.563095
2011-03-14,98.916305,99.289164,98.208612,98.961960
2011-03-15,96.329039,98.414054,96.260556,97.828117
2011-03-16,97.516132,97.835743,95.332200,96.017059
2011-03-17,97.402032,97.698803,96.717173,97.287888
2011-03-18,98.467142,98.497719,97.450682,97.641747
2011-03-21,98.856893,99.361295,98.742247,99.154953
2011-03-22,99.139665,99.269588,98.719320,98.811028
2011-03-23,98.535909,99.353672,98.069722,99.093826
2011-03-24,99.659374,100.186715,99.101469,100.041504
2011-03-25,100.301322,100.782797,100.033827,100.347176
2011-03-28,100.561198,100.821044,100.072073,100.102638
2011-03-29,100.018564,100.805750,99.689938,100.775185
2011-03-30,101.302504,101.768703,101.157293,101.470642
2011-03-31,101.340734,101.615868,101.226088,101.333084
2011-04-01,101.959800,102.234934,101.516529,101.761086
2011-04-04,101.975076,102.158503,101.554743,101.845154
2011-04-05,101.646431,102.280767,101.600577,101.829857
2011-04-06,102.318994,102.410701,101.738150,102.150856
2011-04-07,101.967441,102.395424,101.386608,101.891022
2011-04-08,102.341887,102.403030,101.119069,101.539413
2011-04-11,101.646406,101.990320,100.989143,101.233711
2011-04-12,100.668177,100.866880,100.110271,100.477112
2011-04-13,100.943335,101.019753,100.087368,100.469498
2011-04-14,99.888658,100.698771,99.560032,100.545921
2011-04-15,100.729297,101.164919,100.431237,100.912712
2011-04-18,99.804574,100.905108,98.979172,99.781647
2011-04-19,99.934483,100.385405,99.689926,100.354828
2011-04-20,101.554717,101.944485,101.485925,101.722855
2011-04-21,102.250169,102.288384,101.722840,102.242531
2011-04-25,102.166079,102.303651,101.799238,102.135513
2011-04-26,102.448868,103.220765,102.341872,103.014412
2011-04-27,103.213175,103.839861,102.792830,103.687012
2011-04-28,103.503590,104.160854,103.488314,104.023293
2011-04-29,104.061488,104.374837,103.923916,104.267830
2011-05-02,104.756970,104.841028,103.900992,104.107346
2011-05-03,103.908652,104.084429,103.205524,103.732864
2011-05-04,103.687019,103.732872,102.586484,103.045044
2011-05-05,102.471851,103.136752,101.661738,102.112648
2011-05-06,103.129124,103.656465,102.166150,102.563568
2011-05-09,102.555912,103.259029,102.395412,102.960968
2011-05-10,103.304903,104.023308,103.174980,103.839882
2011-05-11,103.687006,103.702295,102.273134,102.746971
2011-05-12,102.471833,103.450083,101.944492,103.236092
2011-05-13,103.289574,103.434785,102.074405,102.441246
2011-05-16,102.074429,102.876903,101.623519,101.791656
2011-05-17,101.409488,101.913902,100.973855,101.776329
2011-05-18,101.829825,102.792787,101.608184,102.685791
2011-05-19,103.022101,103.197877,102.364838,102.930382
2011-05-20,102.662915,102.930399,101.921583,102.112648
2011-05-23,100.866836,101.432392,100.568776,100.927979
2011-05-24,101.218470,101.440100,100.652914,100.843979
2011-05-25,100.438905,101.600582,100.408340,101.180237
2011-05-26,100.905152,101.829911,100.714087,101.646484
2011-05-27,101.929206,102.311335,101.615868,102.036201
2011-05-31,102.999180,103.113814,102.288413,103.098526
2011-06-01,102.800473,103.113822,100.698760,100.782829
2011-06-02,100.851561,101.065553,100.087303,100.675774
2011-06-03,99.468268,100.438880,99.414776,99.674622
2011-06-06,99.422439,99.628792,98.490042,98.619965
2011-06-07,99.124397,99.407181,98.474784,98.558853
2011-06-08,98.405979,98.734616,97.962707,98.146133
2011-06-09,98.413621,99.300152,98.176702,98.895096
2011-06-10,98.474762,98.535892,97.259587,97.519432
2011-06-13,97.741067,98.008562,97.099092,97.595856
2011-06-14,98.490043,99.177883,98.451840,98.833969
2011-06-15,98.008544,98.818656,96.816296,97.076141
2011-06-16,97.106750,97.802229,96.541200,97.290176
2011-06-17,98.256362,98.264045,97.250222,97.580482
2011-06-20,97.250217,98.287080,97.219494,98.079704
2011-06-21,98.586628,99.615810,98.118119,99.423798
2011-06-22,99.116569,99.700281,98.763262,98.824707
2011-06-23,97.664946,98.801653,96.919939,98.540520
2011-06-24,98.517481,98.594278,97.250201,97.396126
2011-06-27,97.457601,98.640389,97.265589,98.264053
2011-06-28,98.655693,99.561995,98.517450,99.546631
2011-06-29,99.999820,100.560492,99.562039,100.399208
2011-06-30,100.721795,101.520559,100.391540,101.359276
2011-07-01,101.451465,102.995249,101.213372,102.856995
2011-07-05,102.749428,102.979845,102.449890,102.772469
2011-07-06,102.526711,103.025937,102.234849,102.895370
2011-07-07,103.809367,104.224108,103.594315,103.962975
2011-07-08,102.787873,103.962986,102.449930,103.225655
2011-07-11,101.958352,102.288607,101.121183,101.359276
2011-07-12,101.144234,101.981403,100.890777,100.921494
2011-07-13,101.451411,102.319309,101.013630,101.259399
2011-07-14,101.512908,101.981418,100.368512,100.560524
2011-07-15,101.121163,101.282446,100.437601,101.144203
2011-07-18,100.675711,100.829318,99.562044,100.314728
2011-07-19,100.875407,102.065884,100.852367,101.942993
2011-07-20,102.204083,102.265516,101.704845,101.881493
2011-07-21,102.457581,103.548219,101.896909,103.294762
2011-07-22,103.317818,103.471425,102.734094,103.363899
2011-07-25,102.380777,103.294756,102.273251,102.787842
2011-07-26,102.718726,102.887698,102.173407,102.403824
2011-07-27,101.835453,101.866181,100.176467,100.307045
2011-07-28,100.307060,101.205674,99.853903,100.015198
2011-07-29,99.009071,100.268669,98.287104,99.331650
2011-08-01,100.491387,100.583561,97.949150,98.909210
2011-08-02,98.164195,98.694150,96.382324,96.382324
2011-08-03,96.512894,97.012121,94.876949,96.904594
2011-08-04,95.560524,95.714138,92.211835,92.365448
2011-08-05,93.517501,93.755594,89.754066,92.227180
2011-08-08,89.792486,92.257919,86.036726,86.221062
2011-08-09,87.611217,90.353147,84.692633,90.230263
2011-08-10,88.525206,89.308612,85.982963,86.244102
2011-08-11,86.989104,91.336252,86.267137,90.115059
2011-08-12,90.936869,91.558986,90.076654,90.721817
2011-08-15,91.543606,92.734076,91.397675,92.641914
2011-08-16,91.758691,92.695710,90.867753,91.850853
2011-08-17,92.357746,93.087389,91.182634,91.912277
2011-08-18,89.477579,91.943012,87.088950,87.949165
2011-08-19,86.758669,89.001367,86.405367,86.512894
2011-08-22,88.456056,88.502143,86.336249,86.582024
2011-08-23,86.904595,89.531317,86.466808,89.431473
2011-08-24,89.239498,90.813993,89.032122,90.691109
2011-08-25,91.190314,91.704905,88.993697,89.308594
2011-08-26,88.855472,91.021367,87.442261,90.606621
2011-08-29,91.827823,93.264075,90.675751,93.210312
2011-08-30,92.803215,94.032091,91.597380,93.456055
2011-08-31,94.055141,94.861594,93.164209,93.870811
2011-09-01,93.924543,94.777076,92.764790,92.887680
2011-09-02,90.952222,92.833943,90.191856,90.514435
2011-09-06,87.856974,89.984470,87.849292,89.853897
2011-09-07,91.213346,92.426857,90.906126,92.388458
2011-09-08,91.835470,92.887698,91.221030,91.428406
2011-09-09,90.383870,91.443774,88.540554,89.032104
2011-09-12,87.918459,89.677289,87.595880,89.608162
2011-09-13,89.899998,90.767890,89.262517,90.429947
2011-09-14,90.890790,92.780194,89.646557,91.681885
2011-09-15,92.664977,93.294776,91.704917,93.264053
2011-09-16,93.638478,94.163453,92.889617,93.816040
2011-09-19,92.279729,93.360560,91.654393,92.881905
2011-09-20,93.275634,94.178898,92.650299,92.773819
2011-09-21,92.820129,93.105773,89.894168,90.040848
2011-09-22,87.431436,88.172576,85.925997,87.130348
2011-09-23,86.551321,88.133967,86.481836,87.655312
2011-09-26,88.481369,89.863288,87.222976,89.739761
2011-09-27,91.507708,92.302889,90.202990,90.743408
2011-09-28,90.928661,91.476796,88.759284,88.890526
2011-09-29,90.365115,90.812883,87.956406,89.593094
2011-09-30,88.357865,89.129886,87.292477,87.354240
2011-10-03,86.844705,87.971856,84.775687,84.868332
2011-10-04,83.648533,86.914187,82.938274,86.728897
2011-10-05,86.945051,88.566295,86.142148,88.334686
2011-10-06,88.288396,90.064048,87.632179,89.932800
2011-10-07,90.457724,90.519487,88.828759,89.330574
2011-10-10,90.851494,92.356934,90.843773,92.318336
2011-10-11,91.770184,92.673448,91.677539,92.410957
2011-10-12,93.105769,94.294682,92.897325,93.221573
2011-10-13,92.673480,93.314259,91.963222,93.036331
2011-10-14,94.117109,94.649800,93.592135,94.626640
2011-10-17,94.178906,94.611242,92.588543,92.820152
2011-10-18,92.750672,95.344665,92.024970,94.634407
2011-10-19,94.479965,95.020383,93.190691,93.514938
2011-10-20,93.746581,94.263834,92.503626,93.924149
2011-10-21,95.028091,95.823278,94.742447,95.707474
2011-10-24,95.861906,97.120304,95.776983,96.880974
2011-10-25,96.417755,96.464074,94.788789,94.997238
2011-10-26,96.000855,96.325102,94.348730,95.962257
2011-10-27,98.533118,99.915037,97.745658,99.305145
2011-10-28,98.818742,99.474965,98.664340,99.281960
2011-10-31,98.170261,99.297406,96.749738,96.888702
2011-11-01,94.209767,95.352361,93.816035,94.186607
2011-11-02,95.599395,96.039447,94.796492,95.722916
2011-11-03,96.711121,97.660710,95.421847,97.467705
2011-11-04,96.680232,97.043077,95.738365,96.873238
2011-11-07,96.803750,97.575771,95.885043,97.475410
2011-11-08,97.984972,98.834201,97.050827,98.726112
2011-11-09,96.417755,97.120297,94.850552,95.082161
2011-11-10,96.340535,96.456339,94.974054,95.977684
2011-11-11,97.143461,98.039003,97.112580,97.784241
2011-11-14,97.421397,98.394140,96.440926,96.857819
2011-11-15,96.633944,97.853740,96.286537,97.336487
2011-11-16,96.356015,97.537207,95.653478,95.792442
2011-11-17,95.614861,95.854192,93.592169,94.271545
2011-11-18,94.572614,94.765619,93.777433,94.171165
2011-11-21,92.796991,92.912795,91.600361,92.380104
2011-11-22,92.179351,92.719764,91.499968,92.017227
2011-11-23,91.152563,92.017229,89.986809,89.986809
2011-11-25,89.847852,90.866920,89.708888,89.816971
2011-11-28,92.287444,92.781537,91.731587,92.418686
2011-11-29,92.681168,93.414586,92.341476,92.681168
2011-11-30,95.336947,96.672547,92.642594,96.494980
2011-12-01,96.386878,96.996776,96.062630,96.479523
2011-12-02,97.367349,97.660715,96.332837,96.394600
2011-12-05,97.923176,98.185666,96.842351,97.444527
2011-12-06,97.436807,98.131627,97.089400,97.475410
2011-12-07,97.151190,98.247465,96.479535,97.838295
2011-12-08,97.197500,97.413665,95.460452,95.692055
2011-12-09,96.124402,97.560363,96.039480,97.313316
2011-12-12,96.464094,96.479537,95.082180,95.892799
2011-12-13,96.394595,96.942730,94.534021,94.997238
2011-12-14,94.618935,94.981786,93.777435,93.985878
2011-12-15,94.981771,95.113013,94.178868,94.325554
2011-12-16,94.962649,95.522024,94.240115,94.465416
2011-12-19,94.830571,95.032571,93.253429,93.455429
2011-12-20,94.923796,96.446553,93.517577,96.283401
2011-12-21,96.283421,96.617495,95.366657,96.469879
2011-12-22,96.827259,97.425489,96.516497,97.324486
2011-12-23,97.635206,98.225665,97.433212,98.194588
2011-12-27,98.023710,98.528708,97.938249,98.272324
2011-12-28,98.287842,98.303378,96.904930,96.982620
2011-12-29,97.301157,98.085845,97.005930,97.984848
2011-12-30,97.907176,98.148025,97.503181,97.503181
2012-01-03,99.259007,99.740698,99.002623,99.057007
2012-01-04,98.823951,99.297871,98.443263,99.212410
2012-01-05,98.676329,99.624164,98.225715,99.476547
2012-01-06,99.600842,99.616383,98.893850,99.220154
2012-01-09,99.445480,99.585319,98.987101,99.461021
2012-01-10,100.525374,100.727368,100.183528,100.323380
2012-01-11,100.012625,100.509852,99.849479,100.377777
2012-01-12,100.665254,100.766246,99.865018,100.618629
2012-01-13,99.942710,100.261249,99.227947,100.098091
2012-01-17,101.061450,101.247914,100.144681,100.486526
2012-01-18,100.463237,101.651920,100.284549,101.597542
2012-01-19,101.947172,102.219098,101.620868,102.133636
2012-01-20,101.962685,102.514290,101.714066,102.514290
2012-01-23,102.172448,102.747372,101.760683,102.250145
2012-01-24,101.620868,102.164708,101.465487,102.133636
2012-01-25,101.978225,103.229063,101.582001,102.988220
2012-01-26,103.446608,103.640837,102.055930,102.459930
2012-01-27,101.962678,102.591980,101.892747,102.413292
2012-01-30,101.395518,102.118057,101.045907,102.063667
2012-01-31,102.568712,102.693010,101.527633,102.024872
2012-02-01,102.778453,103.438838,102.654155,102.918304
2012-02-02,103.120254,103.345567,102.716265,103.081406
2012-02-03,104.106974,104.588659,103.928286,104.526505
2012-02-06,104.091421,104.503187,103.974888,104.456573
2012-02-07,104.239018,104.899403,103.827253,104.720703
2012-02-08,104.775125,105.054816,104.347818,105.031509
2012-02-09,105.202461,105.342300,104.542076,105.163612
2012-02-10,104.231261,104.472104,103.982642,104.386642
2012-02-13,105.132541,105.287922,104.681927,105.163612
2012-02-14,104.883893,105.093664,104.301205,105.031509
2012-02-15,105.373330,105.528711,104.332252,104.542023
2012-02-16,104.549811,105.792872,104.363347,105.699646
2012-02-17,106.064816,106.150278,105.629744,105.979355
2012-02-21,106.227942,106.476561,105.699644,106.025948
2012-02-22,105.862808,106.088121,105.497656,105.684120
2012-02-23,105.629735,106.227953,105.272348,106.150269
2012-02-24,106.383308,106.593079,106.150243,106.383308
2012-02-27,105.676356,106.849498,105.505434,106.562042
2012-02-28,106.593112,106.997112,106.383341,106.872803
2012-02-29,107.028204,107.362285,106.080364,106.453293
2012-03-01,106.678586,107.206897,106.383354,107.004890
2012-03-02,106.934927,107.074779,106.437701,106.678543
2012-03-05,106.515456,106.593141,105.878378,106.243530
2012-03-06,105.155791,105.217934,104.386639,104.689636
2012-03-07,104.930506,105.590890,104.829503,105.419968
2012-03-08,106.064815,106.686351,105.847279,106.468803
2012-03-09,106.670760,107.160210,106.538686,106.880531
2012-03-12,106.865007,107.028153,106.507619,106.888313
2012-03-13,107.463250,108.869469,107.284550,108.815079
2012-03-14,108.846209,109.118124,108.364512,108.698593
2012-03-15,108.861718,109.374486,108.582027,109.327873
2012-03-16,109.526081,109.619716,109.245164,109.479263
2012-03-19,109.409011,110.243950,109.330974,109.908417
2012-03-20,109.284130,109.721109,108.964195,109.588455
2012-03-21,109.650925,109.752359,109.182727,109.409027
2012-03-22,108.605293,108.894021,108.261961,108.620903
2012-03-23,108.714527,109.096877,108.113675,108.972023
2012-03-26,109.752350,110.501465,109.713343,110.501465
2012-03-27,110.602916,110.673143,110.087901,110.158127
2012-03-28,110.103523,110.275195,108.964246,109.611916
2012-03-29,108.964196,109.627475,108.535017,109.424583
2012-03-30,109.963087,110.064532,109.284210,109.877251
2012-04-02,109.744524,110.969636,109.526035,110.680908
2012-04-03,110.524912,110.712194,109.580717,110.228386
2012-04-04,109.416827,109.510462,108.730139,109.135910
2012-04-05,108.761338,109.401196,108.667691,109.081261
2012-04-09,107.707938,109.120320,107.559675,107.856201
2012-04-10,107.645470,107.949795,105.936562,106.045807
2012-04-11,107.130486,107.325567,106.709117,106.904198
2012-04-12,107.005593,108.386755,106.927556,108.300919
2012-04-13,108.051297,108.324414,106.912020,107.013466
2012-04-16,107.559641,107.715703,106.576439,106.943192
2012-04-17,107.559656,108.745749,107.450411,108.527260
2012-04-18,108.043433,108.527229,107.981006,108.160477
2012-04-19,108.176146,108.581905,106.958844,107.466049
2012-04-20,107.942004,108.332165,107.583050,107.645477
2012-04-23,106.545222,106.833950,106.077036,106.740303
2012-04-24,106.833941,107.419182,106.748105,107.146065
2012-04-25,108.191732,108.659931,108.098098,108.613113
2012-04-26,108.378997,109.494865,108.316570,109.370010
2012-04-27,109.697763,109.861624,109.089112,109.549500
2012-04-30,109.330981,109.409018,108.847185,109.143700
2012-05-01,109.081255,110.540466,108.956413,109.822571
2012-05-02,109.182714,109.604095,108.823772,109.494850
2012-05-03,109.510453,109.596289,108.457025,108.659904
2012-05-04,108.090291,108.698942,106.841770,106.904198
2012-05-07,106.521817,107.341158,106.482810,106.982216
2012-05-08,106.342342,106.724704,105.281103,106.553032
2012-05-09,105.421569,106.599851,104.945572,105.920975
2012-05-10,106.654523,106.787188,105.897621,106.139519
2012-05-11,105.476198,106.802744,105.429381,105.819542
2012-05-14,104.805133,105.819555,104.493009,104.649071
2012-05-15,104.578820,105.195270,103.884334,104.048195
2012-05-16,104.516396,104.992394,103.626829,103.650238
2012-05-17,103.673659,103.798514,102.058386,102.113014
2012-05-18,102.510969,102.690452,101.090789,101.239052
2012-05-21,101.566767,103.018167,101.402894,102.979149
2012-05-22,103.244497,103.962392,102.487583,103.158661
2012-05-23,102.417347,103.361543,101.434145,103.213280
2012-05-24,103.494205,103.658066,102.550010,103.416168
2012-05-25,103.377096,103.665823,102.830873,103.080582
2012-05-29,103.907748,104.508588,102.354902,104.329117
2012-05-30,103.439530,104.321298,102.604591,102.815269
2012-05-31,102.776279,103.353710,101.707229,102.588997
2012-06-01,100.981522,102.612393,100.006119,100.006119
2012-06-04,100.185616,100.458734,99.210213,99.959328
2012-06-05,99.764232,100.864484,99.709610,100.716232
2012-06-06,101.418504,103.025966,101.387284,102.979149
2012-06-07,104.149629,104.196446,102.830882,103.041573
2012-06-08,102.776238,103.884294,102.448492,103.860886
2012-06-11,104.695869,104.758296,102.440737,102.542183
2012-06-12,102.838683,103.790678,102.347088,103.720451
2012-06-13,103.416132,104.063801,102.706035,103.057190
2012-06-14,103.267860,104.563198,102.986943,104.149628
2012-06-15,104.618722,105.308956,104.399101,105.214836
2012-06-18,104.775604,105.677620,104.540291,105.418777
2012-06-19,105.952158,106.869865,105.395253,106.438461
2012-06-20,106.446251,106.752153,105.316763,106.265839
2012-06-21,106.391346,106.501156,103.795097,103.881378
2012-06-22,104.422615,104.877549,104.022581,104.681458
2012-06-25,103.575529,103.614749,102.634292,103.002945
2012-06-26,103.300978,103.834353,102.697013,103.520599
2012-06-27,103.865713,104.657918,103.512751,104.453987
2012-06-28,103.763739,104.312805,102.971534,104.155922
2012-06-29,106.046261,106.885538,105.771740,106.752197
2012-07-02,107.050223,107.183564,106.297239,107.073753
2012-07-03,107.050242,107.858138,106.940432,107.779709
2012-07-05,107.379639,108.085575,106.901175,107.293358
2012-07-06,106.258060,106.493372,105.771757,106.273750
2012-07-09,106.187441,106.336472,105.654066,106.140381
2012-07-10,106.681596,106.854158,104.854023,105.214836
2012-07-11,105.269720,105.575622,104.618695,105.230499
2012-07-12,104.618706,105.285409,104.006901,104.720665
2012-07-13,104.995203,106.587464,104.979512,106.477654
2012-07-16,106.234498,106.540400,105.810934,106.226646
2012-07-17,106.650206,107.175730,105.536408,106.956108
2012-07-18,106.705099,107.960088,106.642360,107.748306
2012-07-19,107.967950,108.383663,107.622839,108.030701
2012-07-20,107.418866,107.583588,106.924724,107.042374
2012-07-23,105.473666,106.971807,104.979511,105.959969
2012-07-24,106.038411,106.085471,104.344178,105.050102
2012-07-25,105.269723,105.544244,104.516726,105.073631
2012-07-26,106.587454,107.034548,106.093300,106.807076
2012-07-27,107.371839,109.081763,106.783564,108.775848
2012-07-30,108.650359,109.293533,108.454267,108.775848
2012-07-31,108.626804,108.924854,108.014999,108.014999
2012-08-01,108.791553,108.815083,107.771875,107.920906
2012-08-02,107.105115,107.905171,106.344279,107.175705
2012-08-03,108.681743,109.528860,107.207132,109.301399
2012-08-06,109.591587,109.944549,109.466085,109.513145
2012-08-07,109.952380,110.532815,109.834730,110.062202
2012-08-08,109.693578,110.321061,109.662197,110.195572
2012-08-09,110.038662,110.509287,109.928852,110.289665
2012-08-10,109.842552,110.509268,109.662151,110.470047
2012-08-13,110.281851,110.470091,109.842596,110.415192
2012-08-14,110.823022,110.893624,110.101407,110.430840
2012-08-15,110.313192,110.744595,110.242602,110.556343
2012-08-16,110.713247,111.505464,110.438726,111.372124
2012-08-17,111.560308,111.615220,111.270097,111.521088
2012-08-20,111.364254,111.552506,111.058352,111.528976
2012-08-21,111.803447,112.234850,110.948491,111.191643
2012-08-22,110.909295,111.419140,110.650465,111.238739
2012-08-23,110.964215,110.972054,110.156319,110.328880
2012-08-24,110.054346,111.246585,109.983756,110.995583
2012-08-27,111.293667,111.442699,110.862264,111.019135
2012-08-28,110.736740,111.254425,110.572030,110.909302
2012-08-29,111.003434,111.293645,110.689680,110.995583
2012-08-30,110.517153,110.548534,109.960260,110.195572
2012-08-31,110.823021,111.238746,110.093567,110.721062
2012-09-04,110.626934,110.956378,109.913170,110.619095
2012-09-05,110.666174,110.964237,110.305372,110.524994
2012-09-06,111.191682,112.776104,111.183843,112.768265
2012-09-07,112.956479,113.254541,112.854519,113.207481
2012-09-10,113.097729,113.293821,112.525145,112.564354
2012-09-11,112.634893,113.238846,112.603511,112.878044
2012-09-12,113.254555,113.380056,112.870211,113.254555
2012-09-13,113.238871,115.333126,112.940820,114.980164
2012-09-14,115.207641,116.172407,115.113509,115.490013
2012-09-17,115.254710,115.450802,114.807616,115.097839
2012-09-18,114.901733,115.152724,114.713481,115.003693
2012-09-19,115.137027,115.435090,114.838976,115.066437
2012-09-20,114.540913,115.137026,114.227171,115.074287
2012-09-21,115.633350,115.657006,114.978850,115.026161
2012-09-24,114.458438,115.112938,114.371697,114.852715
2012-09-25,115.097156,115.317950,113.598899,113.630447
2012-09-26,113.606797,113.638333,112.723609,112.991714
2012-09-27,113.464822,114.316460,113.165168,114.056236
2012-09-28,113.622523,113.993144,113.125743,113.527901
2012-10-01,113.961659,114.884264,113.559489,113.827606
2012-10-02,114.277075,114.458439,113.417556,113.945885
2012-10-03,114.253402,114.679215,113.654106,114.411110
2012-10-04,114.844867,115.396852,114.687159,115.231262
2012-10-05,115.846294,116.043432,114.892140,115.239105
2012-10-08,114.813251,115.223289,114.584564,114.844788
2012-10-09,114.758097,114.852719,113.669890,113.709320
2012-10-10,113.693557,113.803966,112.834037,112.983864
2012-10-11,113.772380,113.937982,113.023258,113.046913
2012-10-12,113.125766,113.512149,112.431835,112.676285
2012-10-15,112.944410,113.732963,112.581683,113.614685
2012-10-16,114.150875,114.844806,114.072027,114.765945
2012-10-17,114.844805,115.381027,114.671322,115.286392
2012-10-18,114.986740,115.538724,114.600345,114.986740
2012-10-19,114.773895,114.781776,112.802513,113.070618
2012-10-22,112.881326,113.291377,112.195289,113.086357
2012-10-23,111.864124,112.021832,111.051915,111.517159
2012-10-24,111.919272,112.053337,111.028216,111.201698
2012-10-25,111.990264,112.195284,110.846865,111.525009
2012-10-26,111.422530,111.848343,110.704944,111.461960
2012-10-31,111.856236,111.998170,110.933619,111.461960
2012-11-01,111.698461,112.770893,111.595958,112.628960
2012-11-02,113.299253,113.330802,111.509247,111.627525
2012-11-05,111.461917,112.108524,111.130715,111.856194
2012-11-06,112.195269,113.173079,112.076991,112.731491
2012-11-07,111.706376,111.722139,109.656135,110.176582
2012-11-08,110.160815,110.720692,108.765073,108.851814
2012-11-09,108.520632,109.955804,108.465439,108.946457
2012-11-12,109.285541,109.459024,108.788761,109.033211
2012-11-13,108.457571,109.806001,108.315637,108.654709
2012-11-14,108.985853,109.159324,106.943493,107.187943
2012-11-15,107.227431,107.629601,106.596587,107.006638
2012-11-16,107.164322,107.747855,106.218061,107.534943
2012-11-19,108.741436,109.727127,107.566500,109.711365
2012-11-20,109.537881,109.940038,108.883380,109.758675
2012-11-21,109.853302,110.058334,109.632509,109.963699
2012-11-23,110.499924,111.501378,110.428945,111.461960
2012-11-26,110.909921,111.469799,110.547194,111.225349
2012-11-27,111.114985,111.493487,110.586656,110.657623
2012-11-28,110.208119,111.611742,109.608823,111.548668
2012-11-29,111.966619,112.376657,111.477708,112.069122
2012-11-30,112.084885,112.305678,111.706383,112.092766
2012-12-03,112.605292,112.699914,111.454000,111.540741
2012-12-04,111.532861,111.871932,111.083380,111.383034
2012-12-05,111.477730,112.100694,110.689177,111.580246
2012-12-06,111.477753,112.006082,111.312163,111.958771
2012-12-07,112.392390,112.518561,111.714234,112.297768
2012-12-10,112.140104,112.613228,112.092781,112.345123
2012-12-11,112.810377,113.638360,112.755185,113.110031
2012-12-12,113.551625,113.985332,113.007522,113.165230
2012-12-13,113.094196,113.417505,112.187365,112.471245
2012-12-14,112.226858,112.431877,111.879893,112.053375
2012-12-17,112.345126,113.433333,112.313577,113.370247
2012-12-18,113.551614,114.734443,113.386013,114.631927
2012-12-19,114.758076,114.797506,113.740848,113.780266
2012-12-20,113.851255,114.450551,113.535827,114.434776
2012-12-21,112.903675,114.428434,112.721025,113.396042
2012-12-24,113.149877,113.213410,112.919580,113.046646
2012-12-26,113.276895,113.332491,112.252453,112.570107
2012-12-27,112.601885,112.832194,111.116837,112.419235
2012-12-28,111.688630,112.308063,111.077135,111.204201
2012-12-31,110.910361,113.213378,110.815055,113.094261
2013-01-02,115.238476,116.064382,114.936697,115.992912
2013-01-03,115.937313,116.239080,115.421111,115.730827
2013-01-04,115.921437,116.429689,115.683190,116.239090
2013-01-07,115.826154,116.032628,115.492602,115.921448
2013-01-08,115.714919,115.873745,115.135184,115.587852
2013-01-09,115.842050,116.199425,115.659400,115.881760
2013-01-10,116.524985,116.810877,115.921438,116.802940
2013-01-11,116.771170,116.858527,116.429693,116.795006
2013-01-14,116.652081,116.795034,116.286769,116.715614
2013-01-15,116.175561,116.906186,116.104091,116.795006
2013-01-16,116.556762,116.961772,116.429695,116.779121
2013-01-17,117.295285,117.867071,116.858503,117.533531
2013-01-18,117.509723,117.922682,117.080878,117.795616
2013-01-22,117.795612,118.430931,117.517656,118.430931
2013-01-23,118.430919,118.724749,118.216496,118.621506
2013-01-24,118.446827,119.233036,118.335647,118.653313
2013-01-25,119.026582,119.320412,118.621559,119.320412
2013-01-28,119.352107,119.383880,118.732675,119.177406
2013-01-29,118.939169,119.796848,118.859750,119.645958
2013-01-30,119.630063,119.868309,119.066214,119.177406
2013-01-31,119.034496,119.423631,118.804199,118.883606
2013-02-01,119.637982,120.249477,119.431509,120.106537
2013-02-04,119.375952,120.130388,118.669151,118.756508
2013-02-05,119.399766,120.297142,119.352107,119.955666
2013-02-06,119.534770,120.122429,119.447413,120.043022
2013-02-07,120.082760,120.193940,119.010659,119.884224
2013-02-08,120.090709,120.622786,120.090709,120.551315
2013-02-11,120.503673,120.630727,120.225717,120.527496
2013-02-12,120.535383,120.948342,120.400380,120.725983
2013-02-13,120.972176,121.194536,120.487747,120.829224
2013-02-14,120.463912,121.083344,120.328908,120.940392
2013-02-15,121.051606,121.178672,120.352766,120.797485
2013-02-19,121.003983,121.726658,120.837219,121.702835
2013-02-20,121.615431,121.655140,120.122433,120.185966
2013-02-21,119.884229,120.249529,119.074197,119.455383
2013-02-22,120.035077,120.622749,119.510951,120.622749
2013-02-25,121.210450,121.393100,118.327698,118.327698
2013-02-26,118.899472,119.280659,118.113264,119.137718
2013-02-27,119.034524,120.972242,118.931281,120.638702
2013-02-28,120.630703,121.401025,120.241579,120.400406
2013-03-01,119.987453,120.980135,119.447440,120.797485
2013-03-04,120.519508,121.440720,120.328921,121.440720
2013-03-05,122.028345,122.854251,122.012459,122.528648
2013-03-06,122.965510,123.029043,122.425497,122.695503
2013-03-07,122.854321,123.076681,122.711381,122.917854
2013-03-08,123.457857,123.608735,122.822538,123.441971
2013-03-11,123.346709,123.918482,123.195819,123.910545
2013-03-12,123.823191,123.966143,123.259354,123.632591
2013-03-13,123.696102,123.981994,123.275205,123.807281
2013-03-14,124.132899,124.522034,123.815245,124.466438
2013-03-15,124.318073,124.469622,123.887321,124.302116
2013-03-18,123.113563,124.150547,123.001889,123.616104
2013-03-19,123.879272,124.046777,122.515239,123.328873
2013-03-20,124.054795,124.397791,123.847392,124.190399
2013-03-21,123.448552,124.150512,122.922094,123.129486
2013-03-22,123.520356,124.118614,123.424627,124.118614
2013-03-25,124.445664,124.653068,123.121529,123.600128
2013-03-26,124.110698,124.621211,123.975094,124.589310
2013-03-27,123.847463,124.629196,123.640071,124.589310
2013-03-28,124.509513,125.115756,124.238306,124.972168
2013-04-01,124.908325,125.163588,124.174463,124.477585
2013-04-02,124.924310,125.402921,124.732863,125.091827
2013-04-03,125.163645,125.259362,123.496501,123.823540
2013-04-04,123.983019,124.573305,123.711812,124.326027
2013-04-05,122.802459,123.919215,122.658883,123.767654
2013-04-08,123.855413,124.613205,123.440618,124.605232
2013-04-09,124.836576,125.490678,124.421780,125.035995
2013-04-10,125.370981,126.727030,125.339079,126.567497
2013-04-11,126.591456,127.397119,126.463825,126.982323
2013-04-12,126.575482,126.862646,125.969251,126.671211
2013-04-15,126.033087,126.136789,123.719826,123.735771
2013-04-16,124.669009,125.626232,124.365900,125.562416
2013-04-17,124.669075,124.693017,123.065747,123.727821
2013-04-18,123.935173,123.967087,122.483406,122.954033
2013-04-19,123.241206,124.078770,122.938084,124.022926
2013-04-22,124.262202,124.868432,123.440595,124.573296
2013-04-23,125.195485,125.977206,124.573298,125.857559
2013-04-24,125.897446,126.272355,125.666113,125.937332
2013-04-25,126.304333,127.046180,126.112898,126.447922
2013-04-26,126.296314,126.511690,125.817702,126.224525
2013-04-29,126.567512,127.349233,126.368093,127.070053
2013-04-30,127.046115,127.405068,126.519645,127.373154
2013-05-01,127.094003,127.157819,126.112863,126.256439
2013-05-02,126.575450,127.540645,126.455803,127.428970
2013-05-03,128.537805,129.128091,127.452963,128.721268
2013-05-06,128.816942,129.231726,128.761099,129.048264
2013-05-07,129.327498,129.742282,128.960561,129.702408
2013-05-08,129.558756,130.332504,129.486968,130.292618
2013-05-09,130.236783,130.579779,129.598639,129.925690
2013-05-10,130.013518,130.460216,129.630624,130.348541
2013-05-13,130.180972,130.667555,129.877862,130.452179
2013-05-14,130.555887,131.895992,130.555887,131.800262
2013-05-15,131.584942,132.773474,131.545055,132.510239
2013-05-16,132.239026,132.701681,131.688627,131.888046
2013-05-17,132.374601,133.244067,132.199111,133.164307
2013-05-20,133.036680,133.674824,132.901076,133.156326
2013-05-21,133.275944,133.850273,132.813290,133.347733
2013-05-22,133.483340,134.863331,131.752382,132.358612
2013-05-23,130.946816,132.342752,130.771325,131.975815
2013-05-24,131.194074,131.919964,130.803208,131.864120
2013-05-28,133.244067,133.834353,132.262927,132.653793
2013-05-29,131.951830,132.254952,131.090337,131.792297
2013-05-30,131.895973,132.885085,131.792271,132.278854
2013-05-31,131.911895,132.661713,130.125105,130.380356
2013-06-03,130.683547,131.186088,129.750266,131.098343
2013-06-04,131.170100,131.696570,129.806066,130.468140
2013-06-05,130.093216,130.356451,128.529775,128.641449
2013-06-06,128.585600,129.814030,127.827809,129.806046
2013-06-07,130.699484,131.576922,130.133128,131.457275
2013-06-10,131.864087,131.935875,131.114268,131.457275
2013-06-11,130.260806,131.249919,129.814108,130.101273
2013-06-12,130.994633,131.130237,128.904721,129.024368
2013-06-13,128.952523,131.217924,128.665359,130.986603
2013-06-14,130.843039,131.353552,129.949644,130.165009
2013-06-17,131.050416,131.792262,130.196907,131.170074
2013-06-18,131.241867,132.406481,131.233894,132.207062
2013-06-19,132.095369,132.326690,130.324525,130.380356
2013-06-20,129.112103,130.396365,126.814788,127.149811
2013-06-21,128.015021,128.111245,126.274903,127.557945
2013-06-24,126.226882,127.044810,124.879686,125.946213
2013-06-25,127.084863,128.383947,126.234853,127.157043
2013-06-26,128.199484,128.704684,127.702311,128.416000
2013-06-27,129.185826,129.763194,129.065534,129.169785
2013-06-28,128.808968,129.426421,128.191503,128.640564
2013-07-01,129.314138,130.292455,129.169802,129.394333
2013-07-02,129.201898,130.148145,128.704725,129.274078
2013-07-03,128.688603,129.723058,128.480114,129.330124
2013-07-05,130.284402,130.773561,129.346183,130.725449
2013-07-08,131.399130,131.824136,130.773650,131.471298
2013-07-09,132.297173,132.577842,131.727832,132.417465
2013-07-10,132.289173,132.914653,132.016530,132.465591
2013-07-11,134.005254,134.406203,132.457584,134.269882
2013-07-12,134.229795,134.662815,134.021306,134.326019
2013-07-15,134.694882,135.031678,134.462325,134.839218
2013-07-16,134.927442,135.007637,133.973194,134.334045
2013-07-17,134.847206,135.103808,134.502384,134.678802
2013-07-18,134.967534,135.737362,134.879325,135.416595
2013-07-19,135.135967,135.705308,134.967563,135.657196
2013-07-22,135.849646,136.114274,135.528879,135.921814
2013-07-23,136.162374,136.186430,135.560950,135.633118
2013-07-24,136.154312,136.210451,134.863255,135.135910
2013-07-25,134.895365,135.584999,134.670835,135.464706
2013-07-26,134.895350,135.649137,134.334024,135.609039
2013-07-29,135.264200,135.568925,134.807124,135.192032
2013-07-30,135.601008,135.745344,134.871277,135.192032
2013-07-31,135.472702,136.202433,135.111850,135.288269
2013-08-01,136.314765,136.972315,136.242585,136.852036
2013-08-02,136.547263,137.100575,136.362830,137.084534
2013-08-05,136.779840,137.092580,136.603422,136.884079
2013-08-06,136.619446,136.916157,135.801519,136.106232
2013-08-07,135.673188,135.865636,135.159973,135.665161
2013-08-08,136.306659,136.467036,135.464663,136.162323
2013-08-09,135.985925,136.402916,135.296292,135.769409
2013-08-12,135.087810,135.769417,135.023657,135.609039
2013-08-13,135.849602,136.242524,135.047704,136.009979
2013-08-14,135.945857,136.162373,135.280280,135.312363
2013-08-15,134.245815,134.261844,133.187303,133.419861
2013-08-16,133.163254,133.620342,132.714193,132.978821
2013-08-19,132.826447,133.283535,132.120773,132.128799
2013-08-20,132.345319,133.275524,132.200983,132.778351
2013-08-21,132.409449,133.139180,131.663690,131.960388
2013-08-22,132.233064,133.355729,132.225049,133.163269
2013-08-23,133.556178,133.780709,132.930698,133.612305
2013-08-26,133.748637,134.157613,133.026934,133.115143
2013-08-27,131.800030,133.115143,130.877851,130.974075
2013-08-28,130.917922,131.904266,130.749530,131.439163
2013-08-29,131.150441,132.345261,131.030149,131.647614
2013-08-30,131.920285,131.936326,130.845744,131.230652
2013-09-03,132.497658,132.778327,131.270754,131.824066
2013-09-04,131.856191,133.139234,131.615631,132.914703
2013-09-05,132.994905,133.435940,132.898669,133.083115
2013-09-06,133.524079,133.900973,131.896227,133.147186
2013-09-09,133.475964,134.502393,133.475964,134.422211
2013-09-10,135.232162,135.440651,134.927437,135.416595
2013-09-11,135.232145,135.841583,134.999600,135.841583
2013-09-12,135.793468,135.969887,135.296295,135.480728
2013-09-13,135.625069,135.889697,135.312329,135.785446
2013-09-16,137.252969,137.317122,136.354834,136.571350
2013-09-17,136.691612,137.212841,136.691612,137.180771
2013-09-18,137.132645,139.145417,136.787834,138.768524
2013-09-19,139.145385,139.209538,138.399613,138.535934
2013-09-20,138.864717,138.864717,137.454555,137.567368
2013-09-23,137.382110,137.511029,136.495717,136.930847
2013-09-24,136.906604,137.414266,136.350608,136.608459
2013-09-25,136.697082,136.971053,136.092726,136.213593
2013-09-26,136.439282,137.124211,136.221711,136.737427
2013-09-27,136.052444,136.294188,135.754299,136.108856
2013-09-30,134.956545,135.810698,134.690627,135.383621
2013-10-01,135.488417,136.584315,135.351431,136.455383
2013-10-02,135.657637,136.455379,135.238614,136.326447
2013-10-03,136.012221,136.133099,134.440899,135.069427
2013-10-04,135.174169,136.229774,134.996890,136.092789
2013-10-07,134.908176,135.738156,134.771190,134.916229
2013-10-08,134.892134,135.069413,133.248293,133.344986
2013-10-09,133.602825,133.925143,132.579446,133.441666
2013-10-10,134.803499,136.390940,134.755152,136.318420
2013-10-11,136.108899,137.245090,135.996087,137.196732
2013-10-14,136.350677,137.857533,136.245918,137.744720
2013-10-15,137.398170,137.913886,136.560136,136.745468
2013-10-16,137.567413,138.727778,137.502947,138.655258
2013-10-17,138.091131,139.662464,138.066958,139.581879
2013-10-18,140.097642,140.621412,139.815605,140.524719
2013-10-21,140.573084,140.814829,140.218527,140.532791
2013-10-22,140.943746,141.765660,140.556949,141.346649
2013-10-23,140.863140,140.927606,140.178211,140.669754
2013-10-24,140.951753,141.314363,140.621369,141.137085
2013-10-25,141.427242,141.822092,141.153271,141.781799
2013-10-28,141.733429,142.200799,141.580324,142.007401
2013-10-29,142.329777,142.821320,142.128325,142.764908
2013-10-30,142.934095,143.038841,141.548105,142.055756
2013-10-31,141.942908,142.539209,141.443311,141.652817
2013-11-01,141.838212,142.313636,141.193564,141.991318
2013-11-04,142.378032,142.547245,141.805904,142.490845
2013-11-05,141.934914,142.426457,141.475610,142.039673
2013-11-06,142.652095,143.030826,142.257245,142.764908
2013-11-07,143.030800,143.143613,140.822884,140.959869
2013-11-08,140.911490,142.877661,140.895383,142.861542
2013-11-11,142.724540,143.054924,142.555328,142.885712
2013-11-12,142.579523,142.917960,142.120207,142.595642
2013-11-13,141.894548,143.780133,141.894548,143.739853
2013-11-14,143.868783,144.577897,143.635105,144.457031
2013-11-15,144.690706,145.141956,144.505374,145.085556
2013-11-18,145.327303,145.448169,144.255578,144.577896
2013-11-19,144.505355,144.940486,144.013813,144.263611
2013-11-20,144.553750,144.988880,143.417559,143.812408
2013-11-21,144.215257,145.085530,144.126618,144.972717
2013-11-22,145.029161,145.714102,144.859949,145.697983
2013-11-25,145.955852,145.988078,145.343430,145.552948
2013-11-26,145.625486,146.028389,145.375687,145.593246
2013-11-27,145.746317,146.044474,145.569039,145.947769
2013-11-29,146.108893,146.455384,145.689870,145.851028
2013-12-02,145.923601,146.197573,145.246726,145.472351
2013-12-03,144.996993,145.359604,144.376518,144.843887
2013-12-04,144.320032,145.432038,143.715677,144.827682
2013-12-05,144.569862,144.835780,144.054146,144.191132
2013-12-06,145.585193,145.939751,145.166170,145.802765
2013-12-09,146.229844,146.391003,145.980046,146.173431
2013-12-10,145.834990,146.141201,145.561019,145.649658
2013-12-11,145.706055,145.730228,143.836576,144.013855
2013-12-12,143.949471,144.126749,143.240356,143.538513
2013-12-13,143.836557,143.965489,143.248322,143.522293
2013-12-16,144.199207,144.892202,144.158914,144.416779
2013-12-17,144.545691,144.569865,143.635125,143.957443
2013-12-18,144.175033,146.439350,142.885749,146.415176
2013-12-19,145.996115,146.415138,145.617397,146.245926
2013-12-20,146.391780,147.445019,146.294562,147.096634
2013-12-23,147.817707,147.971643,147.509846,147.882523
2013-12-24,147.890603,148.271390,147.882506,148.206573
2013-12-26,148.538770,149.041091,148.522575,148.960068
2013-12-27,149.154465,149.219269,148.797983,148.951920
2013-12-30,148.968157,149.089692,148.733210,148.927658
2013-12-31,149.130138,149.632446,149.016700,149.632446
2014-01-02,149.057308,149.130234,147.842035,148.198517
2014-01-03,148.449714,148.749490,147.963612,148.174255
2014-01-06,148.660260,148.716967,147.517901,147.744751
2014-01-07,148.336282,148.903407,148.222857,148.652252
2014-01-08,148.627836,148.935709,148.174137,148.684555
2014-01-09,149.162555,149.178762,148.101219,148.781769
2014-01-10,149.032968,149.251721,148.271395,149.186905
2014-01-13,148.806138,149.219326,146.918412,147.201981
2014-01-14,147.688021,148.887099,147.412562,148.806076
2014-01-15,149.154500,149.835050,148.838530,149.608200
2014-01-16,149.300332,149.608205,148.935753,149.413757
2014-01-17,149.154458,149.438014,148.522517,148.781769
2014-01-21,149.640567,149.697285,148.303772,149.219269
2014-01-22,149.470434,149.535250,149.000527,149.316498
2014-01-23,148.563077,148.587382,147.307305,148.093170
2014-01-24,147.129086,147.177695,144.884878,144.933487
2014-01-27,145.071198,145.443888,143.499443,144.220505
2014-01-28,144.325794,145.265608,144.309587,145.079269
2014-01-29,143.872099,144.657976,143.304974,143.685760
2014-01-30,144.884871,145.678846,144.423061,145.208939
2014-01-31,143.410289,145.257502,143.337375,144.358200
2014-02-03,144.188022,144.512090,140.833870,141.109329
2014-02-04,141.741312,142.462373,141.060762,142.097794
2014-02-05,141.603616,142.235557,140.736727,141.919586
2014-02-06,142.251751,143.791092,141.960085,143.791092
2014-02-07,144.463511,145.727392,143.993604,145.573456
2014-02-10,145.589712,145.889487,145.192730,145.840866
2014-02-11,145.962335,147.809548,145.865105,147.436859
2014-02-12,147.655638,148.125545,147.218145,147.509811
2014-02-13,146.513330,148.425360,146.505232,148.271423
2014-02-14,148.133655,149.365135,147.995925,149.089676
2014-02-18,149.219262,149.470429,148.789867,149.267883
2014-02-19,148.879068,149.843187,148.158006,148.279541
2014-02-20,148.482104,149.494831,147.939283,149.154556
2014-02-21,149.438106,149.794588,148.911492,148.984406
2014-02-24,149.300327,150.815363,149.235511,149.810745
2014-02-25,149.932285,150.361680,149.259832,149.754044
2014-02-26,149.972789,150.369782,149.340848,149.762146
2014-02-27,149.543420,150.588549,149.373276,150.548050
2014-02-28,150.523696,151.625544,149.924170,150.928787
2014-03-03,149.600101,150.248249,148.870942,149.867462
2014-03-04,151.333902,152.298021,151.301501,151.973953
2014-03-05,152.103551,152.370913,151.868592,152.111649
2014-03-06,152.484354,152.808422,152.135969,152.460037
2014-03-07,153.091963,153.091963,151.852374,152.524826
2014-03-10,152.289942,152.500584,151.568880,152.443878
2014-03-11,152.670694,152.889447,151.341996,151.690369
2014-03-12,150.953052,151.787538,150.612765,151.730820
2014-03-13,152.184613,152.306148,149.608240,150.029526
2014-03-14,149.762137,150.531807,149.429959,149.608200
2014-03-17,150.361658,151.317679,150.296842,150.961197
2014-03-18,151.269087,152.241303,151.107041,152.038757
2014-03-19,152.054923,152.265578,150.264428,151.228546
2014-03-20,150.896376,152.225074,150.629014,152.111649
2014-03-21,152.750419,153.816439,151.383300,151.521637
2014-03-24,152.042405,152.229578,150.235863,150.895004
2014-03-25,151.660014,152.123862,150.764888,151.611191
2014-03-26,152.205255,152.449384,150.480092,150.520782
2014-03-27,150.341737,150.821851,149.650038,150.203400
2014-03-28,150.634677,151.700697,150.545163,150.943909
2014-03-31,151.904096,152.416767,150.968280,152.180771
2014-04-01,152.677224,153.279409,152.172698,153.189896
2014-04-02,153.385226,153.906030,153.100406,153.702591
2014-04-03,153.938554,153.979244,153.027149,153.499130
2014-04-04,154.337322,154.369867,151.440346,151.684464
2014-04-07,151.318253,151.570516,149.698883,150.008102
2014-04-08,149.942975,150.870658,149.397759,150.626541
2014-04-09,151.033405,152.294719,150.593969,152.245895
2014-04-10,152.237764,152.311000,148.860663,149.047836
2014-04-11,148.217826,149.259435,147.542405,147.705154
2014-04-14,148.860659,149.218715,147.648169,148.868805
2014-04-15,149.178067,149.999958,147.705155,149.894165
2014-04-16,150.927669,151.472885,150.260382,151.464752
2014-04-17,151.261273,152.099442,151.000864,151.676285
2014-04-21,151.716968,152.254051,151.529808,152.205215
2014-04-22,152.359859,153.311954,152.278491,152.896942
2014-04-23,152.840009,152.921377,152.416851,152.538910
2014-04-24,153.287538,153.303816,152.115725,152.848114
2014-04-25,152.351726,152.441240,151.253148,151.594925
2014-04-28,152.213395,152.734200,150.512645,152.075058
2014-04-29,152.563287,153.018989,152.237789,152.783005
2014-04-30,152.530743,153.393324,152.319158,153.238708
2014-05-01,153.165491,153.670017,152.766745,153.255005
2014-05-02,153.238672,153.914092,152.807381,153.035233
2014-05-05,152.286608,153.434009,151.863450,153.328217
2014-05-06,152.986438,153.092230,151.961108,151.993652
2014-05-07,152.506312,152.962014,151.367044,152.888779
2014-05-08,152.750453,153.840885,152.237781,152.726028
2014-05-09,152.750464,153.018993,152.034353,152.953903
2014-05-12,153.637472,154.516332,152.986464,154.443085
2014-05-13,154.646480,154.955712,154.426774,154.581390
2014-05-14,154.443023,154.516271,153.629266,153.848984
2014-05-15,153.539778,153.572335,151.749513,152.498169
2014-05-16,152.587694,153.092232,151.944831,153.027130
2014-05-19,152.734190,153.710697,152.595853,153.588638
2014-05-20,153.515396,153.531674,152.229670,152.620270
2014-05-21,153.059676,153.979226,153.035264,153.905991
2014-05-22,153.946660,154.597669,153.686264,154.280304
2014-05-23,154.418662,155.004569,154.280325,154.898788
2014-05-27,155.476527,155.899684,155.387013,155.850861
2014-05-28,155.850834,156.094963,155.476500,155.736908
2014-05-29,156.095046,156.567014,155.696300,156.542603
2014-05-30,156.396036,156.892429,156.265832,156.794769
2014-06-02,157.014522,157.047079,156.217043,156.973831
2014-06-03,156.591388,156.973855,156.444917,156.892487
2014-06-04,156.623887,157.299307,156.461138,157.209793
2014-06-05,157.388820,158.397872,156.811047,158.235123
2014-06-06,158.576934,159.032637,158.503699,158.991959
2014-06-09,158.967579,159.537207,158.821096,159.154739
2014-06-10,158.959390,159.203520,158.617613,159.170975
2014-06-11,158.601351,158.780379,158.259575,158.617630
2014-06-12,158.430442,158.519956,157.144704,157.494614
2014-06-13,157.803852,158.129363,157.299326,157.974747
2014-06-16,157.779482,158.438624,157.592322,158.104980
2014-06-17,157.885231,158.658298,157.714336,158.544373
2014-06-18,158.544371,159.797552,158.194449,159.708038
2014-06-19,159.846379,159.984729,159.333721,159.887070
2014-06-20,160.285332,160.342574,160.015504,160.211746
2014-06-23,160.252586,160.301644,159.868286,160.162643
2014-06-24,159.876518,160.669646,159.017975,159.197861
2014-06-25,158.862574,160.080887,158.829873,159.917358
2014-06-26,159.941857,159.958213,158.731728,159.802856
2014-06-27,159.426760,160.162659,159.353174,160.113602
2014-06-30,160.015504,160.399804,159.876503,160.031860
2014-07-01,160.424325,161.593581,160.367095,161.102982
2014-07-02,161.119261,161.470848,161.045675,161.266434
2014-07-03,161.724374,162.133202,161.601730,162.059616
2014-07-07,161.748922,161.879737,161.258323,161.495438
2014-07-08,161.201090,161.258332,160.064547,160.457031
2014-07-09,160.857704,161.323775,160.514290,161.176590
2014-07-10,159.622970,160.963927,159.492142,160.538742
2014-07-11,160.440621,160.873978,160.080850,160.759506
2014-07-14,161.577203,161.781617,161.438203,161.569031
2014-07-15,161.667090,161.977804,160.555076,161.266434
2014-07-16,161.986032,162.108675,161.421846,161.863388
2014-07-17,161.364562,161.977804,159.794650,160.023605
2014-07-18,160.546952,161.822495,160.457009,161.658966
2014-07-21,161.152016,161.487258,160.612359,161.356430
2014-07-22,161.904259,162.353973,161.789788,162.059616
2014-07-23,162.304871,162.591055,161.977813,162.419342
2014-07-24,162.574782,162.762839,162.264068,162.427597
2014-07-25,161.969689,162.108689,161.348274,161.667160
2014-07-28,161.699831,161.969659,160.767702,161.732544
2014-07-29,162.035048,162.263991,161.012977,161.037506
2014-07-30,161.609871,161.822470,160.391570,161.062042
2014-07-31,159.941862,160.080862,157.783248,157.881363
2014-08-01,157.448014,158.429200,156.638541,157.398956
2014-08-04,157.701509,158.870765,157.031037,158.535522
2014-08-05,157.889531,158.298360,156.425918,156.998276
2014-08-06,156.262483,157.717912,156.237954,157.047440
2014-08-07,157.758765,157.914122,155.804565,156.197037
2014-08-08,156.548645,158.110361,156.131632,158.004074
2014-08-11,158.600960,159.165145,158.388374,158.461960
2014-08-12,158.306518,158.748047,157.758690,158.241104
2014-08-13,158.862588,159.492187,158.592772,159.312302
2014-08-14,159.573988,160.064575,159.426804,160.064575
2014-08-15,160.645103,160.792276,158.878961,160.031860
2014-08-18,160.914917,161.446389,160.824974,161.372803
2014-08-19,161.765237,162.337594,161.438179,162.214951
2014-08-20,161.994218,162.844588,161.961517,162.648346
2014-08-21,162.787301,163.335130,162.656473,163.122543
2014-08-22,162.991708,163.277893,162.501121,162.869064
2014-08-25,163.645828,164.013771,162.836343,163.694885
2014-08-26,163.801270,164.201926,163.760384,163.801270
2014-08-27,163.882951,163.997435,163.482307,163.735779
2014-08-28,163.196160,163.752173,163.032631,163.645874
2014-08-29,163.899355,164.128298,163.384239,164.111954
2014-09-02,164.324539,164.349068,163.416939,164.030182
2014-09-03,164.659758,164.684287,163.711273,163.940216
2014-09-04,164.218225,164.823296,163.253396,163.703110
2014-09-05,163.670365,164.504379,163.048951,164.438965
2014-09-08,164.283638,164.520765,163.531395,164.013809
2014-09-09,163.866646,163.981117,162.640160,162.975403
2014-09-10,163.065326,163.694925,162.525682,163.588638
2014-09-11,162.934532,163.801247,162.811876,163.776718
2014-09-12,163.613151,163.629495,162.353952,162.820023
2014-09-15,162.844588,162.975416,162.206816,162.697403
2014-09-16,162.394890,164.218261,162.304947,163.923904
2014-09-17,164.161025,164.905084,163.327011,164.144669
2014-09-18,164.643358,165.044014,164.430772,165.019485
2014-09-19,165.544484,165.856637,164.534055,164.870865
2014-09-22,164.583334,164.607978,163.252530,163.597549
2014-09-23,163.006076,163.687905,162.611770,162.661057
2014-09-24,162.685690,164.041138,162.258530,163.934341
2014-09-25,163.507191,163.515414,161.231703,161.289200
2014-09-26,161.584906,162.973208,161.354893,162.570679
2014-09-29,161.174215,162.562517,161.050998,162.274994
2014-09-30,162.398168,162.899270,161.510969,161.847778
2014-10-01,161.584948,161.642458,159.293027,159.654480
2014-10-02,159.514771,160.237677,158.011476,159.679077
2014-10-03,160.746990,161.782062,160.254111,161.437042
2014-10-06,162.110633,162.324225,160.664834,161.248077
2014-10-07,160.418455,160.779908,158.726210,158.759064
2014-10-08,158.849374,161.765627,158.019685,161.535614
2014-10-09,161.280954,161.502757,158.200409,158.331848
2014-10-10,158.290769,159.079382,156.483518,156.524582
2014-10-13,156.458960,157.025770,153.863082,153.953445
2014-10-14,154.783040,155.933118,153.649395,154.191574
2014-10-15,152.105031,154.183372,149.443435,153.148300
2014-10-16,150.379953,154.093042,150.240304,153.016907
2014-10-17,154.783035,155.875604,154.125850,154.824112
2014-10-20,154.544861,156.450686,154.495574,156.327469
2014-10-21,157.461061,159.531192,157.296768,159.424408
2014-10-22,159.703747,160.114487,158.225082,158.290802
2014-10-23,159.876279,161.174218,159.580546,160.130936
2014-10-24,160.393759,161.412397,159.769440,161.363098
2014-10-27,160.788054,161.379520,160.213021,161.141296
2014-10-28,161.683536,162.997895,161.609594,162.989685
2014-10-29,163.104663,163.572899,161.667074,162.743210
2014-10-30,162.307774,164.254674,162.159901,163.786438
2014-10-31,165.758028,165.790894,164.928339,165.659454
2014-11-03,165.873049,166.308432,165.371946,165.749832
2014-11-04,165.306155,165.610111,164.345027,165.174728
2014-11-05,166.382402,166.423479,165.486993,166.218109
2014-11-06,166.259164,166.973847,165.643055,166.883484
2014-11-07,166.899886,167.253128,166.439859,167.039536
2014-11-10,167.072428,167.614594,166.867058,167.565308
2014-11-11,167.631056,167.836426,167.294247,167.729630
2014-11-12,167.047756,167.778872,167.014890,167.548859
2014-11-13,167.713165,168.263554,166.932762,167.737808
2014-11-14,167.663894,167.984270,167.351727,167.778900
2014-11-17,167.458521,168.058197,167.294215,167.885681
2014-11-18,167.943199,169.158985,167.943199,168.855042
2014-11-19,168.657853,168.855013,167.828164,168.583923
2014-11-20,167.795296,168.986450,167.729576,168.879654
2014-11-21,170.571889,170.736183,169.208231,169.783264
2014-11-24,170.185866,170.366592,169.972286,170.259796
2014-11-25,170.489735,170.695105,169.881849,170.136505
2014-11-26,170.284362,170.670458,170.070782,170.571884
2014-11-28,170.448655,170.760808,169.972195,170.210419
2014-12-01,169.553258,169.668264,168.715358,169.027512
2014-12-02,169.068564,170.325426,169.043921,170.120056
2014-12-03,170.292628,170.990878,170.128335,170.777298
2014-12-04,170.489732,171.089421,169.799693,170.588318
2014-12-05,170.760849,171.253741,170.497982,170.867645
2014-12-08,170.473379,170.966259,169.167218,169.725830
2014-12-09,167.885683,169.717590,167.507810,169.610794
2014-12-10,169.150745,169.208242,166.702729,166.891678
2014-12-11,167.483152,169.380766,167.343502,167.737808
2014-12-12,166.464505,167.433857,164.994063,165.026917
2014-12-15,165.922365,166.374181,163.293634,163.893311
2014-12-16,163.129308,166.267351,162.537842,162.578918
2014-12-17,163.014303,166.218067,162.891074,165.766251
2014-12-18,168.189621,174.950390,167.516002,169.865433
2014-12-19,170.513830,171.257249,169.836506,170.588181
2014-12-22,170.778194,171.372925,170.538656,171.372925
2014-12-23,171.951142,172.000700,171.315108,171.604218
2014-12-24,171.827185,172.091503,171.579379,171.620682
2014-12-26,172.066778,172.512832,172.017219,172.174164
2014-12-29,171.992404,172.611914,171.926322,172.405411
2014-12-30,171.984154,172.116307,171.405935,171.480286
2014-12-31,171.802428,171.967628,169.654790,169.778687
2015-01-02,170.472589,170.885595,168.655350,169.687866
2015-01-05,168.647066,168.812266,166.317716,166.623337
2015-01-06,166.928965,167.449357,164.260947,165.053925
2015-01-07,166.375567,167.449386,165.929525,167.110718
2015-01-08,168.514886,170.290821,168.498375,170.076050
2015-01-09,170.489042,170.505566,168.101865,168.713120
2015-01-12,168.845332,169.002276,166.788555,167.391541
2015-01-13,168.605746,169.729124,165.623839,166.920685
2015-01-14,164.913483,166.111212,164.021400,165.912964
2015-01-15,166.548991,166.862868,164.277456,164.393097
2015-01-16,164.186583,166.705925,164.004860,166.548981
2015-01-20,167.185016,167.449346,165.343011,166.904175
2015-01-21,166.441663,168.225854,165.979097,167.746765
2015-01-22,168.498399,170.373440,167.127215,170.241287
2015-01-23,169.985170,170.241245,169.175681,169.307846
2015-01-26,169.093135,169.795238,168.382763,169.704376
2015-01-27,167.655876,168.605786,166.639884,167.465897
2015-01-28,168.647084,168.746202,165.128273,165.318253
2015-01-29,165.516508,167.102452,164.112276,166.846390
2015-01-30,165.673434,166.995047,164.483973,164.748291
2015-02-02,165.243888,166.879390,163.434918,166.788528
2015-02-03,167.680624,169.208753,167.308921,169.200485
2015-02-04,168.440542,169.646526,168.101873,168.556183
2015-02-05,169.217041,170.406501,169.142702,170.257812
2015-02-06,170.621241,171.182936,169.266580,169.786972
2015-02-09,169.142680,169.861307,168.622288,169.027039
2015-02-10,170.059558,171.083806,169.068332,170.827744
2015-02-11,170.662562,171.356410,170.018273,170.926880
2015-02-12,171.719856,172.628475,170.959925,172.570648
2015-02-13,172.694498,173.330519,172.438424,173.280960
2015-02-17,172.967145,173.727088,172.719351,173.553619
2015-02-18,173.181933,173.644498,172.917602,173.570160
2015-02-19,172.975407,173.809676,172.834986,173.446228
2015-02-20,173.033178,174.561307,172.413669,174.486969
2015-02-23,174.239192,174.462219,173.859221,174.462219
2015-02-24,174.387889,175.156088,174.090524,174.957840
2015-02-25,174.833922,175.313012,174.470475,174.809143
2015-02-26,174.718241,174.875186,173.999602,174.602600
2015-02-27,174.503474,174.767804,173.958315,174.007874
2015-03-02,174.107086,175.164382,174.057527,175.106567
2015-03-03,174.677019,175.156108,173.528861,174.387909
2015-03-04,173.793115,173.867466,172.686261,173.652695
2015-03-05,173.974865,174.123554,173.338844,173.842712
2015-03-06,172.983633,173.413163,171.067290,171.397690
2015-03-09,171.595924,172.463227,171.438979,172.108047
2015-03-10,170.745158,170.827752,169.274844,169.316147
2015-03-11,169.572161,169.745629,168.837010,168.919617
2015-03-12,169.547433,171.133376,169.497874,171.067307
2015-03-13,170.794734,171.752900,168.985764,170.018280
2015-03-16,170.745170,172.380672,170.043054,172.289810
2015-03-17,171.554637,172.157623,170.968162,171.777664
2015-03-18,171.306846,174.511781,170.670813,173.842712
2015-03-19,173.429746,173.851008,172.661547,173.049774
2015-03-20,173.996422,175.083327,173.813887,174.577209
2015-03-23,174.585487,175.157982,174.237015,174.237015
2015-03-24,174.112555,174.568880,173.191588,173.257965
2015-03-25,173.465388,173.697703,170.677596,170.719070
2015-03-26,170.055341,171.225208,169.358383,170.312546
2015-03-27,170.196382,170.876729,170.005542,170.702499
2015-03-30,171.731312,173.083727,171.714727,172.785034
2015-03-31,171.963692,172.660650,171.216967,171.275040
2015-04-01,171.241822,171.266712,169.681982,170.669327
2015-04-02,170.602980,171.731373,170.420445,171.283340
2015-04-06,170.395486,172.950964,170.262744,172.436554
2015-04-07,172.461422,173.208146,171.947012,171.980194
2015-04-08,172.204270,173.000775,171.814310,172.561035
2015-04-09,172.395050,173.556625,171.905531,173.324310
2015-04-10,173.573318,174.311751,173.374198,174.270264
2015-04-13,174.129175,174.759755,173.432230,173.482010
2015-04-14,173.282866,173.996408,172.660591,173.813873
2015-04-15,174.278534,175.099929,174.195558,174.593811
2015-04-16,174.261911,175.050124,174.062779,174.544006
2015-04-17,173.357617,173.598225,171.756289,172.536209
2015-04-20,173.457094,174.444439,173.374132,174.112564
2015-04-21,174.792909,174.950554,173.606444,173.905136
2015-04-22,174.245358,174.942316,173.324390,174.759781
2015-04-23,174.361473,175.846643,174.245315,175.199478
2015-04-24,175.614293,175.871498,175.157955,175.605988
2015-04-27,176.170200,176.294650,174.685030,174.875870
2015-04-28,174.851021,175.481588,173.681141,175.431808
2015-04-29,174.543996,175.307318,173.905136,174.709946
2015-04-30,174.137462,174.527422,172.262332,172.959290
2015-05-01,173.739217,174.875914,173.639657,174.834427
2015-05-04,175.257532,175.913002,175.149679,175.332214
2015-05-05,175.091575,175.448353,173.183263,173.324310
2015-05-06,173.871942,174.178927,171.548779,172.610794
2015-05-07,172.511241,173.722609,172.179366,173.299454
2015-05-08,174.967161,175.780264,174.884186,175.581131
2015-05-11,175.539651,175.805149,174.668464,174.743134
2015-05-12,173.913413,174.759711,173.092005,174.220398
2015-05-13,174.627009,175.249285,174.021332,174.253647
2015-05-14,175.265869,176.161946,174.992066,176.070679
2015-05-15,176.261536,176.402583,175.780308,176.261536
2015-05-18,176.095555,177.057997,176.029177,176.809097
2015-05-19,176.925219,177.199022,176.468882,176.750977
2015-05-20,176.850597,177.373312,176.311297,176.626587
2015-05-21,176.485518,177.348401,176.319568,177.140976
2015-05-22,176.759340,177.174190,176.651487,176.717865
2015-05-26,176.228298,176.651453,174.402960,174.817810
2015-05-27,175.274156,176.709534,174.867598,176.477219
2015-05-28,176.170211,176.385929,175.589424,176.278076
2015-05-29,176.211709,176.253184,174.917379,175.182877
2015-06-01,175.846612,176.178487,174.751402,175.539627
2015-06-02,175.083338,176.054085,174.461063,175.365433
2015-06-03,175.896456,176.452353,175.340558,175.830078
2015-06-04,175.124830,175.780287,174.029620,174.344910
2015-06-05,174.195528,174.718243,173.390718,174.046188
2015-06-08,173.938408,174.087760,172.901282,172.975952
2015-06-09,172.951004,173.490317,172.320436,172.951004
2015-06-10,173.714295,175.406890,173.656223,175.025223
2015-06-11,175.464984,175.971102,175.232669,175.589447
2015-06-12,174.768061,175.465006,173.971543,174.245346
2015-06-15,173.108606,173.780661,172.403356,173.498566
2015-06-16,173.349233,174.527418,173.175003,174.444443
2015-06-17,174.726578,175.332268,173.706050,174.726578
2015-06-18,175.323919,177.008209,174.759729,176.543579
2015-06-19,176.301824,176.376857,175.384709,175.759888
2015-06-22,176.677033,177.243967,176.451921,176.660355
2015-06-23,176.868749,177.118872,176.393526,176.785370
2015-06-24,176.518563,176.893741,175.476393,175.501404
2015-06-25,176.001702,176.126758,174.892832,174.967865
2015-06-26,175.326323,175.568113,174.384210,174.934479
2015-06-29,173.458782,174.942831,171.191019,171.266052
2015-06-30,172.800192,172.850227,171.149398,171.624634
2015-07-01,173.192015,173.442139,172.216545,173.000259
2015-07-02,173.475475,173.642220,172.424959,172.841827
2015-07-06,171.557868,173.125283,171.357767,172.349915
2015-07-07,172.550019,173.558832,170.173866,173.433777
2015-07-08,172.099747,172.383214,170.290542,170.523987
2015-07-09,172.616668,172.875137,170.724097,170.832474
2015-07-10,172.825109,173.400388,170.874170,172.983521
2015-07-13,174.242448,175.001138,174.200759,174.892761
2015-07-14,174.851140,175.960011,174.792773,175.651520
2015-07-15,175.693199,176.151757,175.117919,175.593155
2015-07-16,176.643623,177.002136,176.401845,177.002136
2015-07-17,176.993825,177.210605,176.585303,177.152237
2015-07-20,177.377343,177.735843,176.927131,177.243942
2015-07-21,177.110513,177.368982,176.243434,176.543579
2015-07-22,175.859930,176.560278,175.826586,176.226776
2015-07-23,176.360137,176.460181,174.876088,175.234589
2015-07-24,175.334648,175.393003,173.083564,173.417053
2015-07-27,172.533286,173.041866,171.966339,172.408218
2015-07-28,173.241980,174.667674,172.416589,174.525940
2015-07-29,174.650960,175.951586,174.509226,175.726486
2015-07-30,175.217965,175.934979,174.600996,175.768234
2015-07-31,176.268439,176.293450,175.217937,175.501404
2015-08-03,175.468084,175.526439,173.959011,174.909470
2015-08-04,174.834446,175.293004,174.084089,174.567657
2015-08-05,175.459694,176.176708,174.859403,175.142883
2015-08-06,175.326315,175.434704,173.125252,173.708878
2015-08-07,173.550502,173.700569,172.474976,173.375412
2015-08-10,174.484257,175.643150,174.484257,175.559784
2015-08-11,174.225755,174.642623,173.216929,173.975632
2015-08-12,172.675037,174.367520,171.216000,174.184097
2015-08-13,174.025716,174.709386,173.425425,173.967361
2015-08-14,173.775564,174.676001,173.633831,174.600967
2015-08-17,174.009047,175.576462,173.550489,175.576462
2015-08-18,175.301301,175.651468,174.834411,175.067856
2015-08-19,174.325851,175.092887,172.875159,173.683884
2015-08-20,172.174797,173.658846,169.998746,170.057114
2015-08-21,168.189522,170.032084,164.679502,164.937958
2015-08-24,156.317146,164.646159,152.073421,157.992950
2015-08-25,162.937019,162.953698,155.841931,156.133743
2015-08-26,160.143970,162.403387,157.050805,162.128265
2015-08-27,164.262720,166.263681,162.753659,166.138626
2015-08-28,165.496599,166.613802,165.013030,166.146912
2015-08-31,165.171442,166.021856,164.254327,164.804596
2015-09-01,161.011110,162.386783,159.018482,159.885574
2015-09-02,162.261675,162.962023,160.427459,162.920334
2015-09-03,163.629040,165.121434,162.545193,163.037094
2015-09-04,160.785993,161.628062,159.752156,160.569214
2015-09-08,163.362264,164.754602,162.720284,164.604523
2015-09-09,166.180247,166.305303,162.036579,162.403412
2015-09-10,162.211629,164.429369,161.953173,163.287155
2015-09-11,162.895339,164.095921,162.186658,164.029221
2015-09-14,164.204338,164.254360,162.937055,163.420624
2015-09-15,163.920825,165.905121,163.378902,165.463242
2015-09-16,165.763394,167.089031,165.421559,166.897263
2015-09-17,166.763885,169.156704,166.146916,166.522095
2015-09-18,164.018733,166.507790,163.390181,163.800827
2015-09-21,164.630559,165.669758,163.599736,164.647324
2015-09-22,162.485143,162.971226,161.378884,162.510284
2015-09-23,162.677839,163.147156,161.672157,162.250427
2015-09-24,161.035235,162.124729,159.702706,161.663788
2015-09-25,163.121997,163.423703,160.750256,161.621857
2015-09-28,160.725157,160.834111,157.255546,157.565628
2015-09-29,157.783479,159.015443,156.660455,157.657761
2015-09-30,159.543419,160.767007,158.764020,160.599396
2015-10-01,160.976557,161.320169,159.082523,161.018463
2015-10-02,159.040602,163.448847,158.495849,163.423706
2015-10-05,164.647301,166.558100,164.538348,166.331818
2015-10-06,166.197763,166.759269,165.099893,165.761963
2015-10-07,166.692220,167.471632,165.502161,167.119644
2015-10-08,166.734111,168.913099,166.432405,168.628159
2015-10-09,168.770635,169.206423,168.100176,168.728729
2015-10-12,168.804143,169.089083,168.376731,168.887955
2015-10-13,168.158847,169.424341,167.656012,167.823624
2015-10-14,167.764971,168.343242,166.725772,167.019089
2015-10-15,167.681119,169.591918,167.312366,169.583542
2015-10-16,169.985815,170.371321,169.223168,170.354568
2015-10-19,169.709237,170.438354,169.399155,170.438354
2015-10-20,170.002611,170.832293,169.751187,170.220505
2015-10-21,170.639550,170.790397,168.996926,169.164551
2015-10-22,170.111524,172.231841,169.164513,172.022324
2015-10-23,173.690096,174.276743,172.893931,173.907990
2015-10-26,173.731969,173.790627,173.111792,173.480545
2015-10-27,172.810074,173.480532,172.466462,173.145309
2015-10-28,173.480557,175.139933,172.818487,175.114792
2015-10-29,174.611997,175.383020,174.494667,175.014267
2015-10-30,175.207049,175.525520,174.100802,174.260025
2015-11-02,174.586796,176.514347,174.461077,176.321594
2015-11-03,175.969689,177.386031,175.743407,176.832901
2015-11-04,177.126203,177.251909,175.760144,176.296509
2015-11-05,176.355173,176.816114,175.232161,176.120514
2015-11-06,175.776894,176.262977,174.704165,176.028305
2015-11-09,175.416519,175.567379,173.438673,174.385696
2015-11-10,173.908003,174.821509,173.639827,174.787979
2015-11-11,175.056138,175.106420,174.033691,174.100739
2015-11-12,173.061503,173.530820,171.653551,171.670303
2015-11-13,171.259716,171.527892,169.658998,169.742798
2015-11-16,169.558444,172.382737,169.441101,172.324066
2015-11-17,172.634103,173.514067,171.703845,172.198303
2015-11-18,172.676024,175.072906,172.634130,174.930435
2015-11-19,174.813135,175.198653,174.486287,174.779617
2015-11-20,175.533787,176.095293,175.039329,175.416458
2015-11-23,175.475178,175.978012,174.754437,175.215378
2015-11-24,174.209674,175.852298,173.824169,175.450027
2015-11-25,175.575743,175.776884,175.165084,175.424896
2015-11-27,175.517130,175.827225,175.039436,175.626083
2015-11-30,175.785234,175.902563,174.787928,174.896881
2015-12-01,175.525513,176.682055,175.248948,176.564713
2015-12-02,176.514412,176.832883,174.511424,174.762848
2015-12-03,175.014215,175.282391,171.594887,172.315628
2015-12-04,172.315643,175.969630,172.315643,175.676300
2015-12-07,175.349462,175.768497,173.648180,174.611969
2015-12-08,173.053170,174.561686,172.458134,173.438675
2015-12-09,172.801766,174.888554,171.117236,172.089401
2015-12-10,172.156394,173.840911,171.921736,172.533524
2015-12-11,170.421631,171.083701,168.879572,169.189667
2015-12-14,169.348938,170.170243,167.572219,170.044525
2015-12-15,171.552995,172.734677,170.019324,171.829559
2015-12-16,172.952611,174.645517,171.636847,174.343811
2015-12-17,174.653898,174.720945,171.670369,171.687134
2015-12-18,170.946873,171.081753,168.468281,168.628464
2015-12-21,169.800356,170.196594,168.687513,170.019547
2015-12-22,170.904748,171.857408,169.918371,171.562332
2015-12-23,172.565575,173.728999,172.472838,173.686844
2015-12-24,173.433952,173.948218,173.181032,173.400223
2015-12-28,172.708953,173.046171,171.933340,173.004028
2015-12-29,174.099929,175.179042,174.066212,174.850250
2015-12-30,174.605777,174.690088,173.467644,173.610962
2015-12-31,172.936529,173.577249,171.874268,171.874268
2016-01-04,169.024707,169.479953,167.422889,169.471527
2016-01-05,169.791911,170.213440,168.653790,169.758194
2016-01-06,167.212144,168.662205,166.588289,167.616821
2016-01-07,164.674557,166.453410,163.207631,163.595444
2016-01-08,164.556517,165.112938,161.513076,161.799713
2016-01-11,162.718662,163.055893,160.029317,161.959915
2016-01-12,163.401586,164.017015,161.142182,163.266693
2016-01-13,163.932654,164.278311,158.815298,159.194672
2016-01-14,159.801697,162.929436,158.208317,161.808167
2016-01-15,157.457912,159.135589,156.404090,158.334686
2016-01-19,160.147351,160.273804,156.977443,158.545532
2016-01-20,155.991056,158.073411,152.610397,156.513748
2016-01-21,156.985839,159.228363,155.662231,157.390503
2016-01-22,159.995578,160.821772,159.236831,160.619446
2016-01-25,160.113593,160.307493,157.997522,158.191422
2016-01-26,158.849028,160.627881,158.511810,160.349670
2016-01-27,159.826939,161.496190,157.702429,158.604507
2016-01-28,160.147345,160.349671,157.786779,159.430740
2016-01-29,160.197888,163.452092,160.079860,163.317200
2016-02-01,162.313988,164.042260,161.732276,163.258209
2016-02-02,161.833471,161.841897,159.793259,160.315964
2016-02-03,161.369714,161.681642,157.736137,161.276978
2016-02-04,160.779632,162.499465,160.147338,161.529953
2016-02-05,161.015709,161.588982,157.820511,158.452805
2016-02-08,156.614884,156.909947,154.111001,156.319809
2016-02-09,154.583169,157.601319,154.448276,156.328293
2016-02-10,157.154506,158.781603,156.066954,156.193420
2016-02-11,153.723197,155.206987,152.669374,154.161591
2016-02-12,155.932060,157.356818,155.089002,157.339966
2016-02-16,159.144106,160.020881,158.183020,159.995590
2016-02-17,161.159009,162.980017,161.032542,162.609070
2016-02-18,162.878834,162.937854,161.631112,161.943039
2016-02-19,161.167432,162.018917,160.560429,161.867172
2016-02-22,163.443706,164.354210,163.376259,164.210892
2016-02-23,163.553295,163.823079,162.018922,162.136963
2016-02-24,160.712132,163.156995,159.607728,162.878784
2016-02-25,163.325660,164.860032,162.566913,164.851593
2016-02-26,165.719918,165.812642,164.312000,164.472183
2016-02-29,164.489085,165.433306,162.988443,163.182343
2016-03-01,164.404779,167.102576,163.932669,167.018265
2016-03-02,166.706336,167.819167,166.293233,167.768585
2016-03-03,167.591515,168.443012,167.018242,168.426147
2016-03-04,168.620053,169.749761,167.793860,168.974136
2016-03-07,168.055201,169.513701,167.979329,169.109024
2016-03-08,168.038335,168.544162,167.102540,167.262711
2016-03-09,168.072063,168.434572,167.288013,168.088928
2016-03-10,168.577942,169.513737,166.402850,168.223846
2016-03-11,169.673829,170.980571,168.206916,170.938416
2016-03-14,170.432647,171.174530,170.103855,170.719284
2016-03-15,169.758195,170.744572,169.496850,170.441071
2016-03-16,169.960531,171.832122,169.918376,171.427444
2016-03-17,171.343164,173.020842,170.946926,172.515015
2016-03-18,173.014986,173.531905,172.701450,173.192947
2016-03-21,172.930193,173.667432,172.701390,173.438629
2016-03-22,172.667470,173.913159,172.506474,173.345398
2016-03-23,172.964061,173.150491,172.031909,172.201401
2016-03-24,171.176092,172.159087,170.955771,172.125183
2016-03-28,172.540450,172.752301,171.777789,172.226913
2016-03-29,171.820143,173.930190,171.515076,173.820023
2016-03-30,174.819914,175.302929,174.218250,174.582642
2016-03-31,174.489439,174.913142,173.997942,174.158951
2016-04-01,173.167479,175.531737,172.853930,175.345306
2016-04-04,175.269055,175.472437,174.472491,174.777557
2016-04-05,173.438673,174.786046,172.777697,173.031921
2016-04-06,173.031903,174.980940,172.853942,174.921616
2016-04-07,173.836937,174.192846,172.099752,172.828522
2016-04-08,174.006389,174.438574,172.760701,173.294571
2016-04-11,173.930139,174.625018,172.794617,172.887833
2016-04-12,173.057306,174.777540,172.616651,174.497894
2016-04-13,175.413122,176.345274,175.277534,176.260529
2016-04-14,176.319822,176.768946,175.921540,176.268967
2016-04-15,176.268951,176.404539,175.752032,176.074051
2016-04-18,176.074045,177.345155,175.413070,177.311264
2016-04-19,177.735030,178.124830,177.057103,177.870605
2016-04-20,177.913012,178.734997,177.438466,178.040131
2016-04-21,178.057016,178.167183,176.811328,177.082504
2016-04-22,176.726595,177.353668,176.184256,177.082504
2016-04-25,176.480853,176.819823,175.870720,176.777451
2016-04-26,177.141815,177.548580,176.565585,177.040131
2016-04-27,176.658804,177.794325,176.302895,177.404526
2016-04-28,176.650276,177.751894,175.379167,175.794388
2016-04-29,175.175825,175.523265,173.743706,174.845337
2016-05-02,175.345313,176.413040,174.913140,176.235092
2016-05-03,175.006376,175.243649,173.955587,174.701309
2016-05-04,173.709837,174.438607,173.226809,173.726776
2016-05-05,174.192838,174.548747,173.269168,173.692871
2016-05-06,172.921717,174.370788,172.769191,174.328415
2016-05-09,174.201325,174.904661,174.023364,174.472488
2016-05-10,175.175882,176.658843,175.108088,176.641891
2016-05-11,176.184256,176.718114,174.989410,174.989410
2016-05-12,175.658840,175.828332,174.031822,175.040237
2016-05-13,174.743657,175.294466,173.192902,173.514908
2016-05-16,173.684442,175.701261,173.625117,175.226715
2016-05-17,174.955496,175.243611,173.065771,173.591171
2016-05-18,173.243777,174.819954,172.557380,173.642059
2016-05-19,172.921723,173.328475,171.837044,173.040359
2016-05-20,173.650548,174.650494,173.599705,174.133575
2016-05-23,174.150513,174.430159,173.709871,173.896301
2016-05-24,174.709772,176.463909,174.684351,176.150360
2016-05-25,176.828281,177.760433,176.150354,177.345200
2016-05-26,177.480803,177.709606,177.082521,177.396057
2016-05-27,177.557073,178.167207,177.506231,178.158737
2016-05-31,178.429866,178.540033,177.260441,177.819733
2016-06-01,177.209618,178.362091,177.014718,178.184143
2016-06-02,177.785834,178.743395,177.311289,178.726456
2016-06-03,178.167236,178.540097,176.989342,178.192657
2016-06-06,178.548513,179.455244,178.387504,179.099335
2016-06-07,179.251846,179.938243,179.226425,179.378952
2016-06-08,179.514575,180.090818,179.387469,179.963699
2016-06-09,179.234868,179.836532,178.963705,179.717896
2016-06-10,178.345182,178.684140,177.472342,178.014694
2016-06-13,177.413035,178.268910,176.557159,176.641891
2016-06-14,176.260513,176.887598,175.345312,176.294403
2016-06-15,176.294433,177.413016,175.862260,176.048691
2016-06-16,176.048678,176.743558,174.218277,176.574066
2016-06-17,176.470116,176.495670,175.260543,175.916443
2016-06-20,177.875653,178.548579,176.964206,177.049393
2016-06-21,177.432672,177.960792,176.989726,177.551926
2016-06-22,177.730816,178.454862,177.117509,177.262329
2016-06-23,178.718942,179.621862,178.258968,179.570755
2016-06-24,173.454719,179.604812,172.679566,173.122513
2016-06-27,171.716996,171.725523,169.212664,170.021896
2016-06-28,171.623290,173.113963,171.316637,173.088409
2016-06-29,174.485384,176.265670,174.383171,176.035690
2016-06-30,176.504199,178.488912,175.950512,178.437805
2016-07-01,178.437853,179.298192,178.276006,178.812653
2016-07-05,177.986371,178.097111,176.930131,177.526398
2016-07-06,177.032306,178.710379,176.376406,178.591125
2016-07-07,178.770006,179.434419,177.713766,178.480392
2016-07-08,179.775168,181.385095,179.545175,181.138062
2016-07-11,181.598043,182.347643,181.393603,181.776917
2016-07-12,182.739423,183.395323,181.802424,183.097183
2016-07-13,183.514648,183.523161,182.586174,183.071701
2016-07-14,184.332363,184.562357,183.702030,184.093857
2016-07-15,184.656037,184.851950,183.403871,183.846817
2016-07-18,183.966127,184.502774,183.710581,184.340927
2016-07-19,183.923525,184.187585,183.676505,184.153519
2016-07-20,184.153509,185.158642,184.153509,184.920135
2016-07-21,184.809356,185.030823,183.778657,184.221603
2016-07-22,184.340891,185.099004,184.076831,185.047897
2016-07-25,184.843474,184.894580,183.966107,184.545334
2016-07-26,184.443093,184.988253,183.787193,184.630493
2016-07-27,185.005345,185.073491,183.667992,184.434631
2016-07-28,184.238673,184.937166,183.778699,184.647552
2016-07-29,184.383507,185.303454,184.102407,184.945694
2016-08-01,185.005281,185.397108,184.340868,184.792328
2016-08-02,184.545324,184.698657,182.773564,183.608337
2016-08-03,183.548738,184.204637,183.250611,184.145004
2016-08-04,184.255741,184.656094,182.501007,184.340927
2016-08-05,184.340948,185.891241,184.340948,185.848648
2016-08-08,186.035996,186.138223,185.473809,185.737869
2016-08-09,185.806068,186.342701,185.524968,185.848648
2016-08-10,185.959385,186.036045,185.039425,185.388672
2016-08-11,185.916756,186.495996,185.652696,186.248962
2016-08-12,185.942323,186.300096,185.686790,186.087143
2016-08-15,186.453389,186.972995,186.444875,186.623749
2016-08-16,186.206323,186.274457,185.661163,185.661163
2016-08-17,185.695286,186.146746,184.860512,186.010452
2016-08-18,185.984879,186.461893,185.874153,186.427826
2016-08-19,185.959314,186.334114,185.473788,186.155228
2016-08-22,185.916751,186.376737,185.550477,186.146744
2016-08-23,186.760006,187.058146,186.461866,186.521500
2016-08-24,186.376725,186.470425,185.150112,185.567505
2016-08-25,185.184166,185.857106,185.030846,185.439713
2016-08-26,185.627116,186.649289,184.204589,185.090469
2016-08-29,185.218302,186.266028,185.184222,186.001968
2016-08-30,185.916749,186.197849,185.141609,185.695282
2016-08-31,185.363073,185.482327,184.392007,185.167160
2016-09-01,185.158665,185.465318,184.017238,185.175705
2016-09-02,186.027492,186.436359,185.439739,186.010452
2016-09-06,186.291517,186.649277,185.575997,186.572617
2016-09-07,186.410796,186.734490,185.950823,186.555603
2016-09-08,186.223430,186.496017,185.823077,186.129730
2016-09-09,184.817921,184.869028,181.649175,181.674728
2016-09-12,180.916606,184.681619,180.848459,184.281265
2016-09-13,183.003530,183.267590,181.010291,181.632111
2016-09-14,181.683249,182.884309,181.010322,181.563995
2016-09-15,181.402157,183.761670,181.223270,183.378357
2016-09-16,182.763698,182.943489,181.984643,182.669525
2016-09-19,183.320140,183.962227,182.378407,182.703735
2016-09-20,183.559886,183.713980,182.678087,182.712326
2016-09-21,183.414273,184.946714,182.729377,184.766937
2016-09-22,185.777134,186.230874,185.528866,185.931229
2016-09-23,185.537467,185.674449,184.818333,184.912506
2016-09-26,184.082061,184.261838,183.217375,183.414291
2016-09-27,183.251648,184.647108,182.883511,184.552948
2016-09-28,184.775527,185.623087,183.816681,185.468979
2016-09-29,185.263537,185.665912,183.243102,183.791016
2016-09-30,184.621434,185.879926,184.373166,185.177917
2016-10-03,184.766979,184.955313,184.099196,184.732727
2016-10-04,184.844048,185.066633,183.200306,183.791016
2016-10-05,184.415963,185.032367,184.347472,184.604309
2016-10-06,184.381716,184.955313,183.842372,184.732727
2016-10-07,185.006630,185.177851,183.371446,184.099136
2016-10-10,185.058029,185.520326,184.912491,185.058029
2016-10-11,184.629942,184.698433,181.993104,182.720795
2016-10-12,182.857844,183.482818,182.361295,182.960587
2016-10-13,181.633622,182.857862,180.820314,182.361313
2016-10-14,183.337197,183.799507,182.378351,182.455399
2016-10-17,182.429734,182.686572,181.642109,181.821899
2016-10-18,183.414327,183.474248,182.583893,182.960587
2016-10-19,183.225931,183.756719,182.866364,183.448517
2016-10-20,183.097601,183.662641,182.446957,183.106171
2016-10-21,183.106123,183.277344,182.147264,183.191727
2016-10-24,184.064922,184.338886,183.619738,183.970749
2016-10-25,183.791000,184.047837,183.191721,183.354385
2016-10-26,182.532511,183.568404,182.292787,182.986252
2016-10-27,183.705387,183.739626,182.421213,182.498260
2016-10-28,182.472552,183.148878,181.248313,181.958878
2016-10-31,182.292783,182.515382,181.804804,181.967468
2016-11-01,182.292758,182.344136,179.441904,180.649017
2016-11-02,180.340839,180.726101,179.125155,179.561783
2016-11-03,179.775805,179.989834,178.465948,178.739899
2016-11-04,178.851232,179.690222,178.397492,178.543030
2016-11-07,178.543029,182.515407,178.543029,182.481155
2016-11-08,182.087265,183.867988,181.821871,183.302948
2016-11-09,181.813380,185.862819,181.787698,185.246414
2016-11-10,186.034099,186.898772,184.253375,185.708771
2016-11-11,184.989624,185.520412,184.338981,185.280701
2016-11-14,185.802871,186.008344,184.681361,185.426178
2016-11-15,185.811428,186.873016,185.605968,186.873016
2016-11-16,186.256564,186.753112,186.136708,186.521957
2016-11-17,186.676114,187.540787,186.564815,187.480865
2016-11-18,187.549348,187.720569,186.881565,187.061356
2016-11-21,187.634933,188.499605,187.489395,188.473923
2016-11-22,188.782122,189.021833,188.114352,188.842056
2016-11-23,188.328435,188.996204,188.131532,188.944839
2016-11-25,189.287268,189.681074,189.210208,189.646835
2016-11-28,189.338635,189.612586,188.653740,188.756470
2016-11-29,188.790688,189.578313,188.491042,189.124573
2016-11-30,189.740998,189.903662,188.610918,188.670853
2016-12-01,188.970471,188.970471,187.617806,187.977386
2016-12-02,188.063023,188.559571,187.712012,188.071579
2016-12-05,188.901984,189.544071,188.705081,189.201630
2016-12-06,189.389926,189.835109,188.910503,189.800858
2016-12-07,189.646807,192.343567,189.526951,192.283646
2016-12-08,192.258011,193.225414,191.992604,192.754547
2016-12-09,192.977119,193.935964,192.942867,193.918839
2016-12-12,193.824655,194.304091,193.276742,193.696243
2016-12-13,194.355511,195.485578,194.338385,194.989029
2016-12-14,194.689312,195.391320,192.942828,193.379456
2016-12-15,193.619235,195.031821,193.388080,194.175705
2016-12-16,194.631227,194.691514,193.477273,193.795898
2016-12-19,193.976756,194.639854,193.830360,194.217880
2016-12-20,194.751812,195.113511,194.519307,194.967102
2016-12-21,194.837961,195.010190,194.424606,194.424606
2016-12-22,194.278187,194.398749,193.692589,194.088730
2016-12-23,194.131787,194.381532,193.942344,194.372925
2016-12-27,194.639827,195.251245,194.622600,194.855118
2016-12-28,195.113500,195.130713,193.132824,193.244766
2016-12-29,193.313648,193.666728,192.762505,193.201706
2016-12-30,193.528952,193.615073,191.806627,192.495560
2017-01-03,193.795881,194.476207,192.796944,193.968124
2017-01-04,194.295395,195.268512,194.286788,195.122116
2017-01-05,194.855160,195.122118,194.174834,194.967102
2017-01-06,195.079060,196.129679,194.536524,195.664658
2017-01-09,195.406258,195.544047,194.984284,195.018738
2017-01-10,195.035952,195.871280,194.631204,195.018738
2017-01-11,194.932636,195.569901,194.269537,195.569901
2017-01-12,195.053252,195.268543,193.727068,195.079086
2017-01-13,195.251262,195.828239,195.216821,195.526840
2017-01-17,194.889574,195.294321,194.450386,194.837906
2017-01-18,195.087629,195.311539,194.536485,195.268478
2017-01-19,195.345979,195.483768,194.114524,194.545105
2017-01-20,195.225449,195.750759,194.596804,195.259903
2017-01-23,195.259866,195.320140,193.993956,194.751770
2017-01-24,194.967083,196.413842,194.855141,196.000488
2017-01-25,196.947741,197.696960,196.784118,197.696960
2017-01-26,197.550600,197.817572,197.214748,197.490326
2017-01-27,197.567788,197.714184,196.999418,197.180267
2017-01-30,196.491360,196.517193,194.975719,195.957443
2017-01-31,195.466529,196.000458,194.898172,195.940170
2017-02-01,195.940199,196.853028,195.432116,196.017700
2017-02-02,196.017729,196.431097,195.328810,196.146912
2017-02-03,197.051137,197.679782,196.741118,197.498932
2017-02-06,197.094191,197.490332,196.810006,197.145859
2017-02-07,197.533363,197.774487,196.964993,197.154449
2017-02-08,197.154414,197.541935,196.611878,197.412766
2017-02-09,197.412788,198.885368,197.412788,198.583969
2017-02-10,198.928488,199.591586,198.601242,199.367676
2017-02-13,199.858494,200.711049,199.832660,200.452698
2017-02-14,200.271831,201.262175,199.927372,201.253555
2017-02-15,201.038305,202.493671,200.986637,202.304214
2017-02-16,202.330067,202.510917,201.382797,202.132004
2017-02-17,201.468913,202.450638,201.451686,202.450638
2017-02-21,202.820876,203.828434,202.812256,203.656204
2017-02-22,203.251429,203.699224,203.087806,203.475327
2017-02-23,203.992042,204.009256,202.855302,203.613129
2017-02-24,202.769235,203.914569,202.726174,203.871521
2017-02-27,203.785393,204.362370,203.535661,204.190140
2017-02-28,203.811222,204.052346,203.251472,203.638992
2017-03-01,205.292426,206.954476,205.275199,206.489441
2017-03-02,206.299980,206.308600,205.137419,205.189087
2017-03-03,205.102977,205.481891,204.724064,205.318268
2017-03-06,204.525998,205.059915,204.104024,204.706848
2017-03-07,204.405478,204.758558,203.888775,204.095459
2017-03-08,204.388182,204.646533,203.578687,203.716476
2017-03-09,203.837049,204.302084,203.010341,203.974838
2017-03-10,204.930730,204.973791,203.742322,204.689606
2017-03-13,204.629331,204.836014,204.302098,204.792953
2017-03-14,204.250432,204.302113,203.397890,204.009308
2017-03-15,204.577674,206.196663,204.345156,205.774689
2017-03-16,205.912486,205.989987,205.042717,205.369949
2017-03-17,205.631997,205.822278,205.009262,205.009262
2017-03-20,205.009311,205.294732,204.395233,204.784439
2017-03-21,205.389822,205.510909,202.025329,202.155060
2017-03-22,202.189669,202.916189,201.566934,202.630768
2017-03-23,202.630732,203.547533,202.042601,202.414505
2017-03-24,202.717304,203.288134,201.489135,202.267548
2017-03-27,200.598178,202.319351,200.321415,202.059875
2017-03-28,201.757224,203.954085,201.644781,203.530289
2017-03-29,203.244846,203.954064,203.019962,203.720535
2017-03-30,203.659984,204.568140,203.487005,204.369202
2017-03-31,204.031884,204.559479,203.841603,203.893509
2017-04-03,203.945403,204.144328,202.310726,203.538895
2017-04-04,203.253473,203.755121,202.872911,203.668625
2017-04-05,204.343278,205.320629,202.855634,203.063217
2017-04-06,203.201579,204.152970,202.760467,203.634033
2017-04-07,203.383205,204.118382,202.942106,203.426453
2017-04-10,203.564848,204.343261,203.019952,203.547546
2017-04-11,203.167001,203.409174,201.817746,203.305389
2017-04-12,203.028596,203.218877,202.189634,202.414505
2017-04-13,202.077235,202.812412,201.099884,201.099884
2017-04-17,201.618820,202.881592,201.419894,202.881592
2017-04-18,202.146438,202.812421,201.592897,202.276169
2017-04-19,202.838369,203.210274,201.679382,201.904266
2017-04-20,202.518303,203.988658,202.198291,203.547546
2017-04-21,203.469738,203.521630,202.501045,202.898895
2017-04-24,205.139015,205.337954,202.872959,205.130371
2017-04-25,205.770388,206.669887,205.683892,206.323929
2017-04-26,206.289324,207.171534,206.150948,206.194183
2017-04-27,206.514190,206.669867,205.830905,206.367157
2017-04-28,206.626638,206.652584,205.787675,205.917419
2017-05-01,206.436279,206.860089,206.021127,206.436279
2017-05-02,206.574743,206.695829,206.107698,206.514206
2017-05-03,206.514228,206.609369,205.588770,206.263397
2017-05-04,206.566119,206.643958,205.657963,206.505569
2017-05-05,206.877459,207.335860,206.436347,207.318558
2017-05-08,207.361789,207.508822,206.860141,207.283951
2017-05-09,207.543460,207.742386,206.747733,207.093704
2017-05-10,207.050470,207.465622,206.842887,207.465622
2017-05-11,207.015848,207.206129,205.960658,207.041794
2017-05-12,206.790926,207.084992,206.427666,206.695786
2017-05-15,207.119679,207.958642,207.102377,207.837555
2017-05-16,208.131609,208.157555,207.258056,207.647263
2017-05-17,207.647275,207.647275,203.902219,203.962769
2017-05-18,203.884927,205.632046,203.625451,204.784439
2017-05-19,205.268772,206.782362,205.216880,206.116379
2017-05-22,206.626620,207.327207,206.557439,207.162872
2017-05-23,207.534765,207.785596,207.154204,207.621262
2017-05-24,207.854773,208.209376,207.517446,208.105591
2017-05-25,208.615919,209.377043,208.408349,209.100266
2017-05-26,208.910007,209.221374,208.832168,209.057053
2017-05-30,208.737008,209.126214,208.581331,208.875397
2017-05-31,209.169475,209.204079,208.131587,208.823517
2017-06-01,209.281893,210.501417,208.996472,210.484116
2017-06-02,210.536041,211.340413,210.241976,211.184723
2017-06-05,211.011751,211.297172,210.830114,211.029053
2017-06-06,210.466830,211.020371,210.276549,210.354401
2017-06-07,210.691729,210.968493,210.025746,210.743622
2017-06-08,210.838753,211.323099,210.319802,210.847397
2017-06-09,211.115521,211.911235,209.264617,210.527390
2017-06-12,210.285190,210.536008,209.636509,210.484116
2017-06-13,211.020363,211.565259,210.674404,211.513367
2017-06-14,211.781478,211.790123,210.423566,211.245239
2017-06-15,209.896015,210.959862,209.619251,210.838776
2017-06-16,210.997817,211.049963,210.007014,210.884827
2017-06-19,211.710425,212.701228,211.614820,212.640396
2017-06-20,212.284081,212.292768,211.188987,211.206360
2017-06-21,211.597499,211.710476,210.684913,211.154236
2017-06-22,211.162990,211.658385,210.884863,211.058685
2017-06-23,211.119475,211.640943,210.737058,211.310684
2017-06-26,211.979859,212.397049,211.241110,211.449692
2017-06-27,211.232460,211.527973,209.728875,209.746262
2017-06-28,210.763141,211.823476,210.528473,211.623581
2017-06-29,211.771336,211.823482,208.555571,209.763657
2017-06-30,210.571962,210.945693,209.963576,210.154785
2017-07-03,211.093360,211.527923,210.511047,210.511047
2017-07-05,210.876156,211.206415,210.067862,210.997833
2017-07-06,210.232940,210.354617,208.885791,209.068314
2017-07-07,209.641925,210.571883,209.076985,210.424133
2017-07-10,210.424133,211.023832,210.119933,210.650101
2017-07-11,210.650150,210.806599,209.329087,210.493713
2017-07-12,211.458443,212.240652,211.458443,212.075516
2017-07-13,212.084209,212.544845,211.858228,212.431854
2017-07-14,212.431804,213.778952,212.336200,213.422607
2017-07-17,213.344446,213.726863,213.222769,213.396591
2017-07-18,212.988117,213.561743,212.649158,213.509598
2017-07-19,213.822474,214.674214,213.813774,214.665527
2017-07-20,214.917529,215.039207,214.213539,214.761093
2017-07-21,214.187544,214.596034,213.961562,214.569962
2017-07-24,214.491645,214.656781,214.048395,214.517731
2017-07-25,215.265198,215.369503,214.813262,215.039230
2017-07-26,215.326039,215.360799,214.787185,215.047913
2017-07-27,215.508582,215.543341,213.526962,214.848038
2017-07-28,214.370027,214.726372,213.918091,214.596008
2017-07-31,214.995741,215.091346,214.265679,214.474274
2017-08-01,215.074009,215.108768,214.430850,214.952332
2017-08-02,215.082729,215.195719,214.126684,215.056656
2017-08-03,214.943682,214.969755,214.361369,214.639496
2017-08-04,215.126168,215.360822,214.648146,215.030563
2017-08-07,215.100115,215.430374,214.995811,215.430374
2017-08-08,215.117459,216.334243,214.526459,214.900177
2017-08-09,214.213562,214.943625,213.857217,214.891479
2017-08-10,214.057104,214.187481,211.806070,211.858215
2017-08-11,212.084223,212.762140,211.849555,212.171127
2017-08-14,213.448762,214.491711,213.414003,214.274429
2017-08-15,214.656812,214.674198,213.944135,214.248322
2017-08-16,214.769805,215.169609,214.196178,214.622055
2017-08-17,214.013634,214.326520,211.275879,211.275879
2017-08-18,211.110786,212.231967,210.502401,210.945663
2017-08-21,210.884811,211.371519,210.180821,211.110779
2017-08-22,211.693097,213.474796,211.675711,213.318359
2017-08-23,212.353648,212.979420,212.205898,212.553543
2017-08-24,212.935979,213.092416,211.849571,212.058167
2017-08-25,212.849043,213.466128,212.405793,212.553543
2017-08-28,213.083708,213.109781,212.145050,212.562241
2017-08-29,211.249844,213.066315,211.136854,212.805588
2017-08-30,212.788234,214.083237,212.605712,213.813797
2017-08-31,214.430867,215.343452,213.848554,215.100098
2017-09-01,215.473768,215.830112,215.256486,215.404236
2017-09-05,214.900188,215.126169,212.892508,213.857239
2017-09-06,214.535135,214.917553,214.004967,214.587280
2017-09-07,214.891491,214.908877,214.152728,214.561218
2017-09-08,214.274386,214.769794,214.065804,214.309158
2017-09-11,215.578096,216.673204,215.560723,216.594986
2017-09-12,216.960057,217.359848,216.777535,217.325089
2017-09-13,217.038278,217.464155,216.925287,217.429382
2017-09-14,217.107761,217.559711,216.933939,217.359802
2017-09-15,217.215670,217.739725,217.110861,217.652390
2017-09-18,218.019247,218.464696,217.731010,218.115326
2017-09-19,218.359851,218.420998,218.010480,218.333649
2017-09-20,218.421081,218.525890,217.416617,218.412338
2017-09-21,218.255108,218.342444,217.652433,217.827118
2017-09-22,217.530132,218.036729,217.503930,217.870773
2017-09-25,217.617451,217.966835,216.682877,217.425293
2017-09-26,217.853302,218.097864,217.320503,217.556335
2017-09-27,218.255081,218.787880,217.372899,218.403564
2017-09-28,218.124032,218.744179,218.036696,218.665573
2017-09-29,218.656859,219.512839,218.473444,219.434219
2017-10-02,219.661365,220.386322,219.486667,220.386322
2017-10-03,220.386274,220.884128,220.307654,220.857925
2017-10-04,220.709432,221.364511,220.595880,221.119949
2017-10-05,221.451884,222.447604,221.154918,222.430145
2017-10-06,221.984631,222.465025,221.722609,222.176788
2017-10-09,222.403898,222.465031,221.547917,221.809952
2017-10-10,222.377743,222.770789,221.836202,222.395203
2017-10-11,222.299120,222.744583,222.133178,222.744583
2017-10-12,222.430146,222.779517,222.176842,222.412674
2017-10-13,222.849351,222.962902,222.412631,222.683395
2017-10-16,222.910529,223.172550,222.569888,222.980392
2017-10-17,222.928004,223.181309,222.709644,223.137634
2017-10-18,223.513154,223.556829,223.163784,223.355942
2017-10-19,222.578635,223.452075,222.159388,223.417130
2017-10-20,224.211921,224.596236,223.399615,224.570007
2017-10-23,224.893229,224.919431,223.617988,223.696594
2017-10-24,224.124590,224.325464,223.731532,224.089645
2017-10-25,223.757753,223.871305,221.853661,222.980392
2017-10-26,223.591813,223.862564,223.146350,223.268631
2017-10-27,224.011060,225.251356,223.277374,225.094116
2017-10-30,224.011068,224.998060,223.958664,224.255630
2017-10-31,224.631167,224.858270,224.307999,224.604965
2017-11-01,225.382370,225.722998,224.535133,224.901962
2017-11-02,224.832060,225.129027,223.766463,224.989273
2017-11-03,225.146519,225.784140,224.736002,225.740479
2017-11-06,225.609436,226.220854,225.539573,226.089844
2017-11-07,226.194654,226.526565,225.426023,225.932632
2017-11-08,225.757922,226.413002,225.478415,226.316910
2017-11-09,225.111610,225.688084,223.914976,225.495926
2017-11-10,225.111585,225.600709,224.797133,225.426010
2017-11-13,224.744767,225.862769,224.709822,225.635666
2017-11-14,224.832111,225.216427,224.054737,225.111618
2017-11-15,224.142030,224.666099,223.277334,223.984818
2017-11-16,224.928127,226.255772,224.884466,225.888916
2017-11-17,225.539565,225.862733,225.146507,225.225113
2017-11-20,225.469755,225.801640,225.225166,225.609482
2017-11-21,226.378072,227.268998,225.574523,227.085556
2017-11-22,227.094276,227.225286,226.718703,226.884659
2017-11-24,227.373849,227.513603,227.234096,227.408768
2017-11-27,227.452363,227.749330,227.094250,227.295151
2017-11-28,227.758129,229.627276,227.662037,229.601074
2017-11-29,229.732068,230.264880,229.015868,229.461304
2017-11-30,230.378446,232.378603,230.299839,231.470245
2017-12-01,231.251870,231.732251,227.758112,230.989822
2017-12-04,232.605691,233.033668,230.657912,230.710342
2017-12-05,229.880569,231.592504,229.749559,229.880569
2017-12-06,229.976629,230.352228,229.461303,229.924225
2017-12-07,230.649261,230.963687,229.662270,230.649261
2017-12-08,231.601243,231.915668,230.614252,231.906952
2017-12-11,232.605698,232.666845,231.880754,232.605698
2017-12-12,233.391762,233.487854,232.640617,233.016190
2017-12-13,233.260770,233.697489,232.902656,232.990005
2017-12-14,233.286976,233.400527,231.985560,232.037964
2017-12-15,233.039654,234.435518,232.986982,233.970230
2017-12-18,235.366184,235.805136,235.260839,235.453979
2017-12-19,235.699674,235.743558,234.479374,234.549622
2017-12-20,235.515274,235.567946,234.128197,234.426682
2017-12-21,235.050044,235.620703,234.663764,234.909576
2017-12-22,234.927168,234.962292,234.312624,234.848160
2017-12-26,234.444250,234.786645,234.303809,234.567169
2017-12-27,234.734038,235.041310,234.409218,234.681366
2017-12-28,235.181699,235.208035,234.795419,235.164124
2017-12-29,235.743562,235.761110,234.084337,234.277451
2018-01-02,235.137795,235.989363,234.751515,235.954239
2018-01-03,236.121073,237.595972,236.121073,237.446716
2018-01-04,238.087577,238.930358,237.508158,238.447495
2018-01-05,239.237725,240.159514,238.746101,240.036621
2018-01-08,239.940005,240.633556,239.650308,240.475540
2018-01-09,240.896978,241.643202,240.616042,241.019897
2018-01-10,240.264797,240.914465,239.597608,240.651077
2018-01-11,241.204166,242.406891,241.037363,242.406891
2018-01-12,242.670265,244.153899,242.371754,243.987122
2018-01-16,245.242507,245.892148,242.459540,243.153091
2018-01-17,244.083687,245.857044,243.153111,245.470764
2018-01-18,245.356635,245.778012,244.566500,245.058151
2018-01-19,245.637545,246.173080,245.058152,246.173080
2018-01-22,245.962389,248.174698,245.909690,248.174698
2018-01-23,248.218553,248.991113,247.893733,248.701416
2018-01-24,249.342356,249.939351,247.428531,248.604919
2018-01-25,249.465247,249.561804,247.920127,248.710236
2018-01-26,249.544232,251.633648,249.289633,251.589737
2018-01-29,251.019225,251.458177,249.763828,249.921844
2018-01-30,248.095682,249.974383,246.884170,247.358246
2018-01-31,248.209923,248.710308,246.410203,247.481247
2018-02-01,246.752543,248.499564,246.410148,247.200256
2018-02-02,245.883415,246.015122,241.783617,241.818741
2018-02-05,240.062816,242.169780,231.160858,231.705154
2018-02-06,228.202414,236.770767,227.113821,236.270355
2018-02-07,235.717235,239.105932,234.909551,234.988586
2018-02-08,235.287119,235.427587,226.139345,226.174469
2018-02-09,228.957371,231.424279,222.039496,229.571915
2018-02-12,231.617426,234.409181,229.712389,232.943069
2018-02-13,231.740362,234.066803,231.160942,233.522507
2018-02-14,232.038846,237.034123,232.030059,236.674179
2018-02-15,238.412436,239.702956,235.954288,239.694168
2018-02-16,239.070879,241.704592,239.026968,239.764404
2018-02-20,238.816283,240.256059,237.473090,238.263199
2018-02-21,238.702116,241.177812,236.981431,237.077988
2018-02-22,237.999782,239.711679,236.718050,237.385239
2018-02-23,238.605572,241.169037,238.131496,241.169037
2018-02-26,242.240102,244.066157,241.651921,243.969574
2018-02-27,244.153898,244.865025,240.861758,240.923218
2018-02-28,242.020588,242.468327,238.166603,238.482635
2018-03-01,238.271971,239.817090,233.522506,235.014954
2018-03-02,233.346916,236.788312,232.486587,236.226440
2018-03-05,235.041296,239.571285,234.935925,238.956741
2018-03-06,239.931266,240.010301,238.070113,239.562561
2018-03-07,237.402830,239.825827,237.209690,239.474670
2018-03-08,240.150666,240.756422,239.158657,240.633530
2018-03-09,242.038165,244.821106,241.722106,244.821106
2018-03-12,245.110850,245.734155,244.127575,244.513855
2018-03-13,245.672696,246.173108,242.327884,242.933640
2018-03-14,243.890483,244.074835,241.133878,241.686935
2018-03-15,242.196205,242.837058,240.923233,241.423645
2018-03-16,241.949825,242.734302,241.632526,241.685410
2018-03-19,240.936220,241.861700,236.767093,238.415344
2018-03-20,238.811963,239.455409,238.142075,238.820786
2018-03-21,238.776711,240.865672,238.150910,238.362442
2018-03-22,236.141296,236.987452,232.130818,232.404083
2018-03-23,232.844753,233.170874,227.256526,227.450439
2018-03-26,231.046679,233.955355,228.649215,233.673294
2018-03-27,234.607575,235.136405,228.146751,229.698059
2018-03-28,229.830343,231.496240,227.917649,229.019424
2018-03-29,230.156427,233.805520,229.028211,231.945709
2018-04-02,231.416873,231.928112,224.471291,226.939270
2018-04-03,228.173268,230.323936,226.383986,229.847961
2018-04-04,226.304599,233.012193,226.172392,232.307068
2018-04-05,234.061121,235.021893,232.976991,234.140472
2018-04-06,232.183689,233.673265,227.406381,228.922424
2018-04-09,230.376811,233.435340,229.116386,230.050690
2018-04-10,232.932918,234.493049,231.795906,233.708572
2018-04-11,232.227779,234.140473,232.157277,232.483398
2018-04-12,233.805521,235.339183,233.629226,234.396057
2018-04-13,235.700591,235.815180,232.703767,233.708572
2018-04-16,235.339209,236.396924,234.519495,235.630066
2018-04-17,237.392905,238.750299,236.881693,238.150940
2018-04-18,238.591625,239.129278,237.868854,238.327209
2018-04-19,237.674958,237.877694,235.973823,237.005096
2018-04-20,236.934604,237.154959,234.114048,234.995468
2018-04-23,235.568372,236.123671,233.884856,234.960190
2018-04-24,235.982613,236.202968,230.297443,231.795868
2018-04-25,231.734181,232.809515,229.918458,232.368805
2018-04-26,233.391269,235.559555,232.950559,234.731018
2018-04-27,235.339243,235.638923,234.017113,234.951416
2018-04-30,235.568422,236.123721,233.073987,233.144516
2018-05-01,232.580371,233.664528,231.029063,233.558762
2018-05-02,233.364820,234.175712,231.601980,231.989807
2018-05-03,231.161278,232.130819,228.331900,231.478577
2018-05-04,230.508997,235.154098,230.182876,234.475388
2018-05-07,235.242189,236.238171,234.554656,235.268631
2018-05-08,234.898423,235.629989,233.708500,235.268631
2018-05-09,235.938534,237.868846,235.418499,237.542725
2018-05-10,238.283137,240.090064,238.177370,239.763916
2018-05-11,239.887317,240.759914,239.376078,240.495499
2018-05-14,240.927406,241.579648,240.063604,240.610107
2018-05-15,239.384844,239.402463,238.009831,238.952957
2018-05-16,238.988284,240.416180,238.961816,239.957825
2018-05-17,239.693421,240.830461,238.979473,239.755127
2018-05-18,239.411320,239.772706,238.803138,239.155701
2018-05-21,240.636513,241.491492,240.248686,240.953812
2018-05-22,241.473843,241.729462,239.957799,240.283920
2018-05-23,239.014752,240.971506,238.856076,240.945038
2018-05-24,240.548401,240.821640,238.670972,240.451431
2018-05-25,239.878525,240.504326,239.376109,239.878525
2018-05-29,238.256730,239.014765,236.009119,237.119690
2018-05-30,238.424137,240.724630,238.353635,240.283920
2018-05-31,239.878507,240.178187,238.212637,238.811996
2018-06-01,240.107769,241.456342,240.037241,241.156662
2018-06-04,241.976293,242.558033,241.738319,242.302414
2018-06-05,242.434551,242.857642,241.667719,242.478638
2018-06-06,243.086847,244.611687,242.469842,244.505920
2018-06-07,244.990685,245.281542,243.571585,244.479446
2018-06-08,244.021201,245.255184,243.853729,245.202301
2018-06-11,245.422630,246.242345,245.308042,245.528397
2018-06-12,245.942677,246.207092,245.202287,245.845734
2018-06-13,246.083699,246.339319,244.858512,245.061249
2018-06-14,245.925019,246.207053,245.087659,245.678223
2018-06-15,244.895649,245.701347,243.788926,245.364899
2018-06-18,243.912777,244.984104,243.434692,244.860138
2018-06-19,242.593655,244.143067,242.177526,243.921722
2018-06-20,244.603402,245.001833,244.001351,244.337799
2018-06-21,244.328989,244.346714,242.310327,242.806137
2018-06-22,244.063354,244.178458,243.027450,243.248795
2018-06-25,242.097779,242.257140,238.255241,239.937454
2018-06-26,240.504142,241.318675,239.751565,240.468719
2018-06-27,241.053108,242.478554,238.326128,238.476654
2018-06-28,238.423478,240.601500,237.715159,239.840088
2018-06-29,240.929063,242.292553,240.070245,240.185349
2018-07-02,238.618281,240.858287,238.379212,240.698898
2018-07-03,241.593088,241.690494,239.423928,239.848892
2018-07-05,240.973342,241.867555,239.902015,241.805573
2018-07-06,241.832305,244.222811,241.451572,243.850967
2018-07-09,244.851304,246.099690,244.807046,246.046570
2018-07-10,246.498165,247.029397,246.205975,246.931992
2018-07-11,245.382561,246.170560,244.824768,245.125793
2018-07-12,246.383040,247.401219,245.780989,247.348099
2018-07-13,247.171018,247.843887,246.719467,247.542862
2018-07-16,247.587148,247.728784,246.878829,247.321518
2018-07-17,246.551265,248.711590,246.498145,248.322021
2018-07-18,248.401641,248.950571,247.958952,248.844330
2018-07-19,248.180349,248.561055,247.427772,247.905884
2018-07-20,247.702239,248.330877,247.463197,247.622559
2018-07-23,247.418959,248.286612,247.073648,248.082993
2018-07-24,249.490657,250.172388,248.463615,249.331268
2018-07-25,249.083525,251.775083,249.039267,251.456360
2018-07-26,250.739068,251.544738,250.641662,250.863007
2018-07-27,251.190597,251.288003,248.242300,249.163101
2018-07-30,249.242852,249.402213,247.339267,247.861664
2018-07-31,248.623063,249.694363,248.242357,249.083450
2018-08-01,249.287103,249.791776,248.021019,248.667328
2018-08-02,247.365778,250.190109,247.162131,250.021912
2018-08-03,250.145916,251.146398,249.968829,251.093277
2018-08-06,251.128736,252.323975,250.739167,252.014114
2018-08-07,252.678086,253.227016,252.545258,252.846283
2018-08-08,252.678065,253.138452,252.279634,252.740021
2018-08-09,252.801981,253.191549,252.261913,252.394714
2018-08-10,250.960472,251.500540,249.995386,250.703705
2018-08-13,250.978192,251.589105,249.473038,249.765228
2018-08-14,250.491218,251.597941,250.101650,251.358871
2018-08-15,250.013013,250.154677,248.047473,249.481781
2018-08-16,250.916166,252.368199,250.880743,251.500519
2018-08-17,251.296840,252.828553,250.889573,252.385864
2018-08-20,252.837482,253.191628,252.385931,252.926025
2018-08-21,253.439408,254.377906,252.961296,253.519089
2018-08-22,253.111900,253.891037,252.846271,253.368668
2018-08-23,253.191558,254.050375,252.713446,253.032196
2018-08-24,253.607723,254.696748,253.554603,254.555084
2018-08-27,255.750260,256.671060,255.590898,256.564819
2018-08-28,257.025355,257.131624,256.228520,256.688934
2018-08-29,256.901271,258.300157,256.662229,258.069977
2018-08-30,257.591893,257.963737,256.432050,257.025238
2018-08-31,256.618020,257.476838,256.131073,257.034149
2018-09-04,256.617991,256.945577,255.590949,256.591431
2018-09-05,256.237388,256.441035,254.891623,255.900940
2018-09-06,256.006993,256.308019,254.103436,255.130478
2018-09-07,254.085790,255.608641,253.846720,254.634720
2018-09-10,255.644082,255.909711,254.882669,255.077454
2018-09-11,254.431135,256.361253,254.085851,255.918564
2018-09-12,255.927333,256.582504,255.192481,255.980453
2018-09-13,257.042921,257.680395,256.759594,257.494446
2018-09-14,257.698149,257.884071,256.759651,257.538788
2018-09-17,257.485693,257.521089,255.900858,256.175323
2018-09-18,256.387801,258.158557,256.361240,257.565369
2018-09-19,257.618438,258.255911,257.494472,257.839783
2018-09-20,259.097030,260.248010,257.857479,259.929260
2018-09-21,260.670164,260.785788,259.531751,259.691833
2018-09-24,259.113681,259.255986,258.250976,258.829071
2018-09-25,259.282740,259.389462,258.348895,258.589020
2018-09-26,258.731283,259.914154,257.397204,257.815216
2018-09-27,258.286648,259.620727,258.010940,258.535675
2018-09-28,257.912964,259.060279,257.877408,258.562225
2018-10-01,259.798546,260.527849,258.793562,259.460602
2018-10-02,259.309387,260.020885,258.935860,259.309387
2018-10-03,260.358763,260.776775,259.095850,259.451599
2018-10-04,258.971443,259.024804,255.840813,257.423920
2018-10-05,257.646179,258.162011,254.560009,255.983032
2018-10-08,255.298188,256.338781,253.919651,255.983032
2018-10-09,255.600622,256.907993,255.049180,255.609497
2018-10-10,255.102606,255.173772,247.142617,247.516144
2018-10-11,246.431024,248.049713,240.454350,242.064163
2018-10-12,246.155393,246.440003,242.242099,245.426117
2018-10-15,245.070304,246.395508,243.958572,244.047516
2018-10-16,246.004179,249.757389,245.532805,249.383835
2018-10-17,249.419473,250.050929,246.858036,249.428375
2018-10-18,248.494421,249.090322,244.554448,245.826263
2018-10-19,246.475566,248.405518,244.999182,245.692902
2018-10-22,246.359958,246.680124,244.056451,244.590088
2018-10-23,240.979121,244.465499,238.897934,243.344864
2018-10-24,243.095904,243.478360,235.420524,235.971939
2018-10-25,237.804027,241.744000,236.781238,240.205353
2018-10-26,236.505551,241.023620,233.277075,235.980789
2018-10-29,239.066955,240.356575,231.106966,234.673386
2018-10-30,234.504463,238.462215,234.015284,238.150925
2018-10-31,240.712389,243.007020,240.241015,240.694611
2018-11-01,241.557236,243.451632,240.472184,243.255966
2018-11-02,244.358878,244.785793,239.769642,241.815247
2018-11-05,242.304319,243.700661,241.334891,243.149246
2018-11-06,243.087013,244.847980,243.024749,244.687897
2018-11-07,246.857923,250.006357,246.431008,249.926315
2018-11-08,249.125874,250.113107,248.334335,249.472748
2018-11-09,248.165323,248.352086,245.630568,247.035812
2018-11-12,246.528880,246.769005,241.904063,242.419922
2018-11-13,242.882482,244.874699,241.246015,241.966415
2018-11-14,243.834080,244.234287,238.755693,240.312119
2018-11-15,239.049187,243.282673,237.474983,242.820175
2018-11-16,241.726325,244.358901,241.210465,243.451736
2018-11-19,242.846798,243.140311,238.417674,239.333740
2018-11-20,236.007478,237.466084,234.041942,234.904648
2018-11-21,236.452174,237.599490,235.696218,235.705093
2018-11-23,234.068657,235.527263,233.970837,234.130920
2018-11-26,236.381022,238.133113,235.989689,237.910767
2018-11-27,236.879094,238.711227,236.274318,238.711227
2018-11-28,239.778501,244.207626,238.648963,244.207626
2018-11-29,243.433905,245.070373,242.295492,243.674057
2018-11-30,243.522865,245.719650,243.202699,245.159332
2018-12-03,249.277110,249.383832,246.813521,248.405502
2018-12-04,247.578377,248.005292,240.045277,240.356567
2018-12-06,236.505565,240.107568,233.410492,239.991943
2018-12-07,239.653904,241.219232,233.579411,234.415436
2018-12-10,234.237618,235.829627,230.013034,234.860199
2018-12-11,238.053091,238.239854,233.446077,234.913559
2018-12-12,237.884110,239.244870,236.016394,236.096436
2018-12-13,237.039161,237.901867,234.904640,236.016373
2018-12-14,233.872980,234.824629,231.107002,231.658417
2018-12-17,230.706777,231.818510,225.486084,227.113663
2018-12-18,228.750086,229.417125,225.263681,226.864578
2018-12-19,226.944651,230.706750,221.768431,223.467148
2018-12-20,222.222026,223.787340,217.588318,219.829575
2018-12-21,220.728586,223.385489,214.681219,215.325317
2018-12-24,213.840325,215.450571,209.573190,209.635803
2018-12-26,211.093994,220.227646,209.116967,220.227646
2018-12-27,216.998208,222.115191,213.768774,221.918396
2018-12-28,223.269208,224.897336,220.469169,221.632126
2018-12-31,223.251330,223.814920,221.381662,223.573380
2019-01-02,220.048737,224.727399,220.021900,223.805969
2019-01-03,222.061548,222.365716,217.982267,218.465347
2019-01-04,221.489019,226.427103,221.113297,225.783005
2019-01-07,226.051330,228.967654,225.156750,227.563171
2019-01-08,229.745978,230.184314,227.223257,229.701233
2019-01-09,230.407938,231.615626,229.182369,230.774719
2019-01-10,229.245057,231.839333,228.565167,231.588852
2019-01-11,230.515329,231.705135,229.933857,231.678299
2019-01-14,229.781736,231.069933,229.379191,230.264816
2019-01-15,230.640629,233.217024,230.631674,232.903915
2019-01-16,233.333259,234.353094,233.127524,233.467468
2019-01-17,232.599699,236.097509,232.554954,235.238693
2019-01-18,237.045699,238.834858,235.274422,238.369659
2019-01-22,236.902658,237.117348,233.539029,235.149261
2019-01-23,236.178019,236.875790,233.181171,235.641266
2019-01-24,235.462341,236.347993,234.451461,235.766495
2019-01-25,237.609338,238.584454,235.864924,237.761429
2019-01-28,235.623340,236.016930,234.192007,235.954330
2019-01-29,236.097510,236.661073,234.809313,235.641266
2019-01-30,237.153103,240.212550,236.392704,239.371643
2019-01-31,239.309070,241.957019,239.094352,241.473938
2019-02-01,241.670688,242.610013,240.802945,241.590179
2019-02-04,241.634954,243.352559,240.964019,243.289932
2019-02-05,243.719343,244.613923,243.218380,244.309769
2019-02-06,244.032386,244.524394,243.254106,243.987640
2019-02-07,242.377427,242.923107,240.006796,241.661774
2019-02-08,240.418292,242.055361,239.595267,241.956970
2019-02-11,242.610073,242.869482,241.563403,242.091202
2019-02-12,243.701413,245.580008,243.629831,245.204300
2019-02-13,246.036294,246.841411,245.615841,246.000504
2019-02-14,244.918081,246.582013,244.104010,245.454834
2019-02-15,247.226074,248.165399,247.020338,248.129608
2019-02-19,247.333436,249.212032,247.324481,248.559006
2019-02-20,248.523153,249.516150,248.022190,249.059906
2019-02-21,248.424752,248.782578,247.217064,248.174271
2019-02-22,248.791585,249.909809,248.156440,249.713028
2019-02-25,251.135348,251.654192,249.972378,250.052887
2019-02-26,249.704021,250.750663,249.498257,249.873993
2019-02-27,249.158389,250.115596,248.228045,249.766724
2019-02-28,249.551919,249.990281,248.979402,249.301437
2019-03-01,250.875960,251.269577,249.426745,250.858078
2019-03-04,251.913704,252.155231,247.655495,249.945618
2019-03-05,250.070881,250.267690,249.060002,249.605682
2019-03-06,249.721922,249.730877,247.771745,248.093781
2019-03-07,247.646532,247.789668,245.177510,246.018417
2019-03-08,244.166570,245.696294,243.701399,245.526321
2019-03-11,246.242020,249.247795,246.215184,249.086777
2019-03-12,249.641445,250.544979,249.453591,250.026108
2019-03-13,250.911674,252.611370,250.750629,251.681000
2019-03-14,251.707858,252.128312,251.081669,251.520004
2019-03-15,252.070814,253.571327,251.882105,252.762665
2019-03-18,252.978355,253.975726,252.753724,253.679199
2019-03-19,254.739452,255.503172,252.852555,253.742081
2019-03-20,253.526490,254.730504,251.873216,252.978378
2019-03-21,252.160643,256.239904,252.115701,255.835587
2019-03-22,254.478854,254.999983,250.848825,250.911728
2019-03-25,250.570216,251.756269,249.465054,250.722977
2019-03-26,252.475214,253.544455,251.190336,252.592026
2019-03-27,252.582980,253.167040,249.725693,251.271149
2019-03-28,251.900148,252.672862,250.750043,252.223602
2019-03-29,253.733117,254.137434,252.609966,253.813980
2019-04-01,255.808731,257.120563,255.539158,256.824036
2019-04-02,257.012641,257.183361,256.159036,256.949738
2019-04-03,258.162789,258.558140,256.752105,257.354126
2019-04-04,257.677676,258.288663,256.985825,258.037079
2019-04-05,258.701978,259.339920,258.414445,259.286011
2019-04-08,258.863601,259.591400,258.207671,259.483582
2019-04-09,258.522175,258.845629,257.605694,258.153778
2019-04-10,258.567084,259.124190,258.153773,259.034332
2019-04-11,259.519511,259.528505,258.396361,258.962433
2019-04-12,260.570833,260.993139,259.007417,260.714600
2019-04-15,260.786414,260.885265,259.744127,260.543823
2019-04-16,261.424438,261.478347,260.121573,260.714600
2019-04-17,261.828758,261.855712,259.663321,260.076660
2019-04-18,260.660612,260.858287,259.366741,260.588715
2019-04-22,259.825035,260.966145,259.735177,260.813385
2019-04-23,261.181875,263.392254,260.948278,263.158630
2019-04-24,263.077693,263.410141,262.430757,262.574524
2019-04-25,262.475714,263.068741,261.226785,262.412811
2019-04-26,262.457737,263.706666,261.684995,263.634796
2019-04-29,263.724642,264.569253,263.634784,264.048096
2019-04-30,263.706708,264.470455,262.296052,264.182922
2019-05-01,264.811871,265.018541,262.188180,262.197174
2019-05-02,262.080364,262.996872,260.139557,261.631104
2019-05-03,263.104632,264.470373,261.738864,264.191833
2019-05-06,259.896922,263.544911,259.582434,263.104645
2019-05-07,260.705623,261.298649,256.806049,258.710907
2019-05-08,258.351501,260.058684,257.758475,258.351501
2019-05-09,256.284886,258.171756,254.550722,257.569763
2019-05-10,256.635277,259.618370,253.652185,258.863617
2019-05-13,253.760054,254.721450,251.522720,252.358337
2019-05-14,253.373739,256.168151,253.247960,254.640656
2019-05-15,253.014336,256.770144,252.807666,256.132202
2019-05-16,256.832980,259.860989,256.761111,258.504242
2019-05-17,256.203999,259.312871,256.186011,256.832947
2019-05-20,255.233605,256.940788,254.388994,255.134781
2019-05-21,256.824014,257.812391,256.572429,257.435028
2019-05-22,256.482560,257.596716,256.168073,256.644287
2019-05-23,254.424903,254.469818,252.097740,253.508423
2019-05-24,254.946083,255.359422,253.463530,254.083511
2019-05-28,254.361972,255.314401,251.702361,251.720322
2019-05-29,250.606286,251.010603,248.629530,250.031219
2019-05-30,250.785859,251.621503,249.617794,250.713989
2019-05-31,248.171216,248.997839,247.308617,247.335571
2019-06-03,247.371576,248.485733,245.376861,246.706680
2019-06-04,248.997887,252.196616,248.548627,252.061844
2019-06-05,253.679182,254.272209,251.873176,254.245255
2019-06-06,254.541767,256.572404,253.894832,255.898514
2019-06-07,256.913864,259.537555,256.743143,258.459320
2019-06-10,260.004788,261.307654,259.555528,259.645386
2019-06-11,261.460362,261.828759,258.935523,259.582458
2019-06-12,259.348837,259.905915,258.612044,259.124207
2019-06-13,260.031693,260.552850,259.330849,260.193420
2019-06-14,259.905884,260.507877,259.142136,259.905884
2019-06-17,260.139472,260.768447,259.833979,260.004700
2019-06-18,261.819778,263.778545,261.460348,262.727264
2019-06-19,262.862058,263.850436,261.891669,263.320312
2019-06-20,265.997814,266.240404,263.383118,265.836060
2019-06-21,265.567026,266.822029,265.232961,265.449646
2019-06-24,265.657397,265.973386,264.971191,265.124695
2019-06-25,265.178914,265.206000,262.416072,262.524414
2019-06-26,263.418302,263.923919,262.154261,262.262604
2019-06-27,263.020923,263.698091,262.641725,263.192474
2019-06-28,264.167618,265.043423,263.652992,264.546844
2019-07-01,267.869424,268.086137,265.747627,266.948486
2019-07-02,266.903361,267.697909,266.063680,267.643738
2019-07-03,268.320831,269.801584,268.176365,269.783508
2019-07-05,268.555716,269.639195,267.264589,269.476654
2019-07-08,268.167493,269.296106,267.454201,267.995941
2019-07-09,266.840193,268.627898,266.786021,268.329956
2019-07-10,269.395345,270.560081,268.862643,269.612030
2019-07-11,270.253087,270.487819,269.241854,270.244049
2019-07-12,270.731617,271.526165,270.424638,271.453918
2019-07-15,271.887323,271.887323,271.038604,271.544220
2019-07-16,271.453937,271.661611,270.361447,270.668427
2019-07-17,270.641264,270.803778,268.826447,268.826447
2019-07-18,268.329913,270.189864,267.887506,269.810638
2019-07-19,270.903242,270.930327,268.140399,268.311951
2019-07-22,268.709193,269.512779,268.194566,268.971039
2019-07-23,270.090516,270.894073,269.259845,270.894073
2019-07-24,270.135824,272.167328,270.045530,272.167328
2019-07-25,271.715815,271.769986,270.063510,270.867096
2019-07-26,271.553302,272.880552,271.426885,272.681915
2019-07-29,272.564620,272.682001,271.634644,272.185394
2019-07-30,270.785842,271.923493,270.406616,271.517181
2019-07-31,271.760918,271.950545,266.533203,268.546631
2019-08-01,268.700146,271.652588,265.413613,266.208160
2019-08-02,265.314270,265.558040,262.650733,264.203705
2019-08-05,260.113663,260.222005,254.362256,256.258331
2019-08-06,258.145389,260.068550,256.673673,259.851837
2019-08-07,256.781955,260.772742,254.651148,260.005280
2019-08-08,261.495128,265.106689,260.944378,265.106689
2019-08-09,264.167640,264.763551,261.522178,263.300873
2019-08-12,261.801906,263.291669,259.147408,260.095459
2019-08-13,259.797634,265.585163,259.454531,264.140533
2019-08-14,260.095538,260.700459,256.204085,256.330475
2019-08-15,257.215335,257.901540,254.967147,257.007660
2019-08-16,258.660020,261.233235,257.061887,260.799866
2019-08-19,263.815504,264.619062,263.138337,263.941895
2019-08-20,263.436344,263.969046,261.793104,261.919495
2019-08-21,264.077348,264.420423,263.391143,264.050262
2019-08-22,264.754471,265.386477,262.199276,263.968933
2019-08-23,262.668844,264.330159,255.942301,257.188293
2019-08-26,259.373320,260.032440,257.847433,260.032440
2019-08-27,261.422845,261.793033,258.253691,259.012115
2019-08-28,258.353050,260.998512,257.549465,260.835999
2019-08-29,263.391130,264.691294,262.388908,264.167603
2019-08-30,265.648368,265.666416,263.120287,264.050262
2019-09-03,262.352872,263.264772,261.179098,262.506348
2019-09-04,264.673275,265.503918,263.923860,265.485870
2019-09-05,267.968797,269.810674,265.449726,268.898773
2019-09-06,269.214846,269.747548,268.537678,269.106476
2019-09-09,270.090632,270.180899,268.302899,269.241913
2019-09-10,268.483407,269.241859,267.228404,269.178650
2019-09-11,269.485600,271.174000,268.835518,271.092743
2019-09-12,271.995554,273.088043,271.237130,272.031677
2019-09-13,272.474193,272.826333,271.481008,271.851196
2019-09-16,270.722635,271.896409,270.370522,271.011566
2019-09-17,270.812881,271.787990,270.641330,271.697723
2019-09-18,271.309452,271.968572,269.277949,271.860229
2019-09-19,272.248505,273.241690,271.508129,271.842194
2019-09-20,272.444442,272.725656,269.768632,270.557770
2019-09-23,269.895600,271.210848,269.641624,270.494263
2019-09-24,271.582764,271.972793,267.410284,268.371765
2019-09-25,268.453384,270.403557,266.974872,269.959106
2019-09-26,269.968181,270.176787,267.990797,269.396729
2019-09-27,270.149583,270.258453,266.394370,267.945435
2019-09-30,268.462504,269.895646,268.417162,269.188141
2019-10-01,270.067975,270.721059,265.768521,265.986206
2019-10-02,264.407823,264.416903,259.999528,261.287537
2019-10-03,261.060904,263.455555,258.348804,263.428345
2019-10-04,264.081358,267.246987,264.026909,266.993011
2019-10-07,266.194831,267.818476,265.559878,265.841064
2019-10-08,263.990718,264.725435,261.677699,261.713989
2019-10-09,263.727680,265.133611,263.101806,264.199341
2019-10-10,264.117665,266.866055,263.954401,265.986206
2019-10-11,268.734512,270.974950,268.616617,268.743591
2019-10-14,268.426177,269.097420,268.099649,268.444336
2019-10-15,269.487394,271.845755,269.369472,271.101959
2019-10-16,270.639385,271.355970,270.231225,270.666595
2019-10-17,271.827662,272.335613,270.775469,271.464844
2019-10-18,270.929695,271.573700,269.423973,270.276611
2019-10-21,271.591792,272.308349,271.156394,272.108795
2019-10-22,272.643972,272.934238,271.129198,271.219910
2019-10-23,270.965951,272.063485,270.757317,272.009064
2019-10-24,272.943342,273.088475,271.628094,272.453522
2019-10-25,271.882068,274.113455,271.827647,273.569214
2019-10-28,274.784617,275.610044,274.757406,275.111145
2019-10-29,274.839097,275.954790,274.712095,275.029572
2019-10-30,275.229167,276.245070,273.922999,275.873199
2019-10-31,275.864062,275.864062,273.687124,275.138397
2019-11-01,276.580672,277.732628,276.417381,277.687286
2019-11-04,279.238347,279.374400,278.431050,278.802948
2019-11-05,279.002519,279.301864,278.204302,278.494568
2019-11-06,278.494574,278.830182,277.614725,278.558075
2019-11-07,279.891395,280.871007,279.065967,279.537628
2019-11-08,279.192989,280.281472,278.494563,280.227051
2019-11-11,278.848336,279.864238,278.712254,279.691895
2019-11-12,280.054638,281.179383,279.510396,280.281403
2019-11-13,279.292728,280.771240,279.065963,280.372131
2019-11-14,280.091018,280.862025,279.456065,280.780365
2019-11-15,282.113680,282.857476,281.424334,282.812134
2019-11-18,282.576302,283.256596,282.122772,283.020752
2019-11-19,283.619443,283.628522,282.295143,282.939148
2019-11-20,282.349603,282.866634,280.335929,281.886993
2019-11-21,281.995842,282.104684,280.635252,281.433441
2019-11-22,282.177187,282.313241,281.052442,282.059265
2019-11-25,282.984502,284.245300,282.984502,284.245300
2019-11-26,284.281629,285.070766,283.964152,284.889343
2019-11-27,285.370106,286.159271,285.152420,286.159271
2019-11-29,285.596864,285.841788,284.871227,285.097992
2019-12-02,285.351927,285.415427,282.249798,282.676117
2019-12-03,279.964017,280.862025,278.585296,280.780365
2019-12-04,281.823471,283.111480,281.478784,282.512817
2019-12-05,283.211254,283.229386,281.714584,283.020752
2019-12-06,284.925601,286.005004,284.916522,285.605896
2019-12-09,285.215898,285.887113,284.635366,284.707947
2019-12-10,284.653497,285.315633,283.737358,284.390442
2019-12-11,284.843987,285.451730,284.308825,285.197754
2019-12-12,285.206811,288.435942,284.970994,287.655884
2019-12-13,287.419968,289.052691,286.648961,287.828156
2019-12-16,289.551719,290.395278,287.764809,289.805695
2019-12-17,290.186587,290.485904,289.787478,289.869110
2019-12-18,290.259135,290.485900,289.832816,289.887238
2019-12-19,290.077668,291.148020,289.823693,291.075439
2019-12-20,292.105495,293.481899,291.130191,292.351624
2019-12-23,293.135445,293.190134,292.652341,292.798187
2019-12-24,293.026159,293.071724,292.506587,292.807404
2019-12-26,293.190221,294.375213,293.181125,294.366089
2019-12-27,295.095293,295.149982,293.764483,294.293152
2019-12-30,294.375188,294.511911,292.187520,292.670624
2019-12-31,292.169314,293.627750,291.822932,293.381622
2020-01-02,294.912966,296.143523,293.992323,296.125275
2020-01-03,292.743657,295.004236,292.688968,293.883057
2020-01-06,292.132872,295.086214,292.014370,295.004181
2020-01-07,294.438973,294.912981,293.727989,294.174652
2020-01-08,294.366089,296.954801,294.119989,295.742493
2020-01-09,297.301137,297.820709,296.717751,297.747772
2020-01-10,298.331208,298.486150,296.426135,296.890991
2020-01-13,297.510802,298.941866,297.082387,298.932770
2020-01-14,298.495241,299.543482,297.920979,298.477020
2020-01-15,298.385877,299.908099,298.303844,299.151550
2020-01-16,300.527929,301.639984,300.300050,301.639984
2020-01-17,302.350886,302.788397,301.576089,302.578766
2020-01-21,301.621756,302.788500,301.548847,301.986359
2020-01-22,302.843158,303.490357,301.867854,302.022797
2020-01-23,301.375558,302.779305,300.263503,302.369110
2020-01-24,303.025433,303.107466,298.394900,299.680145
2020-01-27,294.448080,296.353152,294.110822,294.876495
2020-01-28,296.298457,298.841603,294.967646,297.966553
2020-01-29,299.324711,299.552591,297.519893,297.720428
2020-01-30,295.660425,298.896336,294.913000,298.686676
2020-01-31,298.066881,298.221852,292.351664,293.263184
2020-02-03,294.739821,297.301188,294.621319,295.441681
2020-02-04,299.042124,300.810473,298.723087,299.944519
2020-02-05,302.870502,303.617954,301.412093,303.408295
2020-02-06,304.365478,304.620702,303.353677,304.429291
2020-02-07,303.371931,304.438393,302.259876,302.806793
2020-02-10,301.922627,305.131165,301.886158,305.067352
2020-02-11,306.416309,307.200202,305.067251,305.595947
2020-02-12,307.027151,307.774604,306.662549,307.564972
2020-02-13,306.142921,308.202964,305.869476,307.236755
2020-02-14,307.646970,307.847506,306.452882,307.729004
2020-02-18,306.735408,307.792774,305.550416,306.935944
2020-02-19,307.902057,309.077897,307.619488,308.403381
2020-02-20,307.856494,308.676883,304.155728,307.136414
2020-02-21,305.787456,306.097370,303.153151,303.973541
2020-02-24,294.548385,304.046401,292.816476,293.892090
2020-02-25,295.277667,295.888370,284.111552,284.986603
2020-02-26,286.381190,289.963455,283.209120,283.938324
2020-02-27,278.432657,283.992930,271.186096,271.186096
2020-02-28,263.155579,271.532442,260.275175,270.046661
2020-03-02,271.824122,281.805268,268.405925,281.741455
2020-03-03,282.115239,286.071229,271.240819,273.674561
2020-03-04,279.034346,285.396762,276.491199,285.177979
2020-03-05,277.995167,281.176360,273.464915,275.698120
2020-03-06,267.211857,272.343715,264.550237,271.140503
2020-03-09,250.941323,259.044746,249.255035,249.966019
2020-03-10,259.454939,262.991612,249.300598,262.900482
2020-03-11,255.863499,256.993775,246.912373,250.084442
2020-03-12,233.348961,243.065761,225.765113,226.157074
2020-03-13,239.811671,247.459334,226.530839,245.490448
2020-03-16,219.840192,234.169275,216.358196,218.627884
2020-03-17,223.358684,233.503913,216.093888,230.432083
2020-03-18,215.346451,226.394061,207.844650,218.764648
2020-03-19,218.080983,225.491639,211.673004,219.229492
2020-03-20,222.370763,224.149512,209.506946,209.782013
2020-03-23,209.222696,210.588837,200.118077,204.418243
2020-03-24,214.934827,223.810225,214.366366,222.939178
2020-03-25,224.516235,235.042020,219.821818,226.276642
2020-03-26,228.779705,240.955845,228.348770,239.488861
2020-03-27,232.218049,239.131314,230.182576,232.355576
2020-03-30,234.446030,240.616623,232.456403,239.901459
2020-03-31,238.902066,241.441812,234.922814,236.325638
2020-04-01,227.367741,236.243140,223.626871,225.689850
2020-04-02,224.809672,231.677090,224.259539,230.897751
2020-04-03,229.916645,232.263867,224.837140,227.560272
2020-04-06,236.408182,244.806801,227.541960,242.844666
2020-04-07,251.417524,252.169371,242.872228,243.092270
2020-04-08,245.686932,253.058649,243.202198,251.252396
2020-04-09,254.507363,257.826490,252.572761,255.075851
2020-04-13,254.104016,254.443257,248.850286,252.747025
2020-04-14,257.624774,261.218925,252.609442,260.201202
2020-04-15,254.498200,260.338717,252.563570,254.672409
2020-04-16,255.946925,256.753784,252.838718,255.901093
2020-04-17,261.658993,263.419386,258.926683,262.814270
2020-04-20,259.119228,262.951804,257.963979,258.184021
2020-04-21,253.728044,254.929154,249.409522,250.344757
2020-04-22,255.213433,257.643158,253.893124,255.901093
2020-04-23,257.175402,260.338646,255.580041,255.882599
2020-04-24,257.395570,260.118703,255.350919,259.449371
2020-04-27,261.420585,264.308749,260.962145,263.190155
2020-04-28,266.830346,267.178765,261.677486,261.980072
2020-04-29,267.297875,270.369427,266.270975,268.838226
2020-04-30,267.462827,268.939017,264.602168,266.335083
2020-05-01,261.594858,266.500169,258.119878,259.284332
2020-05-04,257.404757,260.302100,255.928595,259.999542
2020-05-05,262.814218,265.207259,260.127741,262.401611
2020-05-06,264.097905,264.482979,260.191990,260.622925
2020-05-07,263.831949,265.693213,263.263489,263.767761
2020-05-08,266.894409,268.599820,265.766638,268.132202
2020-05-11,266.206762,269.562544,265.785006,268.187225
2020-05-12,269.369879,269.782458,262.704151,262.841705
2020-05-13,262.282480,263.318559,255.772632,258.193207
2020-05-14,255.763478,261.411430,250.298858,261.283081
2020-05-15,258.899281,262.530116,257.954896,262.484283
2020-05-18,268.691475,272.083939,268.370589,270.479401
2020-05-19,269.883379,271.588761,267.682875,267.701202
2020-05-20,271.231209,273.110801,271.001990,272.248932
2020-05-21,272.120628,272.927486,269.278296,270.369385
2020-05-22,270.085193,271.057083,268.847400,270.882874
2020-05-26,276.833480,277.071878,270.901267,274.220367
2020-05-27,277.007581,278.337068,272.193965,278.300385
2020-05-28,279.327338,281.335307,277.117655,277.786987
2020-05-29,277.319400,279.611599,274.577939,279.024811
2020-06-01,278.382865,280.757579,277.869415,280.152435
2020-06-02,281.069344,282.518029,279.739886,282.472168
2020-06-03,284.452575,287.184885,284.177523,286.231323
2020-06-04,285.250333,286.983249,283.389069,285.479553
2020-06-05,290.861663,294.565835,290.797474,292.796265
2020-06-08,293.603078,296.527925,293.062123,296.335388
2020-06-09,293.676412,296.408722,292.814543,294.125702
2020-06-10,294.703388,295.592762,291.769363,292.484528
2020-06-11,285.571255,286.203904,275.073003,275.623108
2020-06-12,282.618850,283.389026,273.780149,278.923828
2020-06-15,273.248411,282.655604,272.074807,281.527832
2020-06-16,289.257148,289.403853,282.096322,286.946594
2020-06-17,287.964321,288.257730,285.021118,285.754639
2020-06-18,284.241727,286.341361,283.783288,285.864594
2020-06-19,289.323580,289.516964,282.287783,284.230927
2020-06-22,283.632252,286.450246,282.490328,286.054260
2020-06-23,288.697334,289.627466,286.966011,287.371216
2020-06-24,285.336059,285.953084,278.208192,280.040802
2020-06-25,279.469817,283.310042,277.453013,283.042969
2020-06-26,281.947082,282.158902,275.740130,276.320282
2020-06-29,277.572723,280.519632,275.288846,280.381500
2020-06-30,279.948693,285.667590,279.792153,283.973083
2020-07-01,285.087307,287.223834,284.626850,285.962158
2020-07-02,289.388067,290.732622,286.873989,287.537048
2020-07-06,291.349646,292.556041,290.603707,291.975861
2020-07-07,290.437915,292.408657,288.586869,288.964447
2020-07-08,289.728719,291.285066,287.969798,291.174561
2020-07-09,291.782501,292.021947,286.109665,289.517059
2020-07-10,289.452577,292.740248,288.025171,292.473175
2020-07-13,294.812350,297.188297,289.286863,289.940704
2020-07-14,288.522346,294.471471,287.325169,293.697906
2020-07-15,296.911889,297.492069,294.020205,296.396179
2020-07-16,294.499130,295.871283,293.854479,295.420044
2020-07-17,296.423869,297.059302,294.453100,296.276520
2020-07-20,296.009443,299.416837,295.263505,298.670898
2020-07-21,300.632485,301.074506,298.320981,299.306366
2020-07-22,298.947141,301.323115,298.836635,301.009979
2020-07-23,300.650844,301.350748,296.055492,297.418427
2020-07-24,295.567370,296.525100,294.001805,295.502899
2020-07-27,296.193648,297.832874,295.401647,297.657898
2020-07-28,296.930352,298.044679,295.475320,295.770020
2020-07-29,296.644820,299.969334,296.607976,299.407562
2020-07-30,296.442274,298.753778,294.361027,298.339355
2020-07-31,300.125876,300.798154,295.917292,300.696838
2020-08-03,302.354523,303.551700,301.811187,302.787354
2020-08-04,301.930917,303.956940,301.930917,303.956940
2020-08-05,305.255387,306.102640,304.988314,305.844757
2020-08-06,305.264638,308.008945,304.942313,307.889221
2020-08-07,306.922273,308.395741,306.019767,308.110260
2020-08-10,308.561453,309.215294,306.627528,309.031128
2020-08-11,310.209882,310.845315,305.752662,306.480164
2020-08-12,308.911467,311.526860,308.883841,310.753296
2020-08-13,309.988835,311.499147,309.270523,310.191437
2020-08-14,309.804697,310.734829,309.077167,310.200684
2020-08-17,311.213661,311.582021,310.209869,311.186035
2020-08-18,311.582107,312.282011,309.988916,311.858398
2020-08-19,312.235918,312.751627,309.998103,310.559875
2020-08-20,308.837834,312.005782,308.708921,311.526917
2020-08-21,311.195304,312.852938,310.854542,312.631927
2020-08-24,315.063209,315.873618,312.604383,315.799957
2020-08-25,316.361541,316.987756,315.201180,316.904877
2020-08-26,317.494326,320.349137,316.950990,320.082092
2020-08-27,320.947829,322.227886,319.124409,320.782043
2020-08-28,321.804268,322.983037,320.616281,322.854095
2020-08-31,322.642237,323.517089,321.454250,321.684479
2020-09-01,322.513387,324.815673,321.620099,324.714386
2020-09-02,326.620642,330.377959,325.478689,329.411011
2020-09-03,327.725780,328.195455,315.496038,318.074615
2020-09-04,318.756022,320.321559,308.386519,315.477570
2020-09-08,310.080988,315.542030,306.553899,306.857788
2020-09-09,310.854553,315.376244,309.988891,312.917419
2020-09-10,314.786882,315.440723,306.526281,307.484039
2020-09-11,309.261382,310.320427,304.822569,307.640564
2020-09-14,310.799278,313.460733,307.787899,311.692566
2020-09-15,314.142308,314.971125,311.701890,313.267456
2020-09-16,314.501370,315.928776,311.747818,312.024109
2020-09-17,307.180102,310.992700,306.655174,309.279785
2020-09-18,310.083262,310.194210,303.241224,305.719147
2020-09-21,301.142387,302.464559,297.471722,302.316620
2020-09-22,303.796058,305.950365,301.290370,305.395599
2020-09-23,305.950322,306.227719,297.813849,298.313141
2020-09-24,297.000188,302.159447,295.687243,299.108276
2020-09-25,298.257713,304.729919,297.388614,303.944031
2020-09-28,308.095415,309.704211,307.106086,308.992279
2020-09-29,308.788815,309.528484,306.615998,307.309448
2020-09-30,307.975198,312.783132,307.781040,309.639496
2020-10-01,312.228365,313.199184,309.750442,311.627380
2020-10-02,306.690040,311.599667,306.218485,308.668671
2020-10-05,310.721270,314.327207,310.675051,314.142303
2020-10-06,314.281004,316.370611,309.167964,309.676483
2020-10-07,312.625905,315.871262,312.598168,315.066864
2020-10-08,316.999290,317.923890,316.083916,317.859161
2020-10-09,319.504950,321.159993,318.885484,320.697693
2020-10-12,323.231102,327.327076,322.741065,325.856964
2020-10-13,325.718263,325.893939,322.768785,323.730377
2020-10-14,324.303670,325.394692,320.965875,321.696289
2020-10-15,317.794402,321.779427,317.258146,321.298645
2020-10-16,322.648590,324.303633,320.928846,321.104523
2020-10-19,322.361927,322.990649,315.325732,316.222595
2020-10-20,317.563305,320.725451,316.805154,317.489349
2020-10-21,317.443043,319.606633,316.583172,316.888306
2020-10-22,317.101032,319.209120,314.965207,318.626617
2020-10-23,319.847058,319.902532,317.258188,319.708374
2020-10-26,316.333567,317.119483,310.314409,313.800171
2020-10-27,314.142307,314.475150,312.505746,312.718414
2020-10-28,307.059859,312.746147,301.539992,302.030029
2020-10-29,302.261170,308.261819,300.578391,305.099701
2020-10-30,303.527894,304.831584,298.276169,301.919098
2020-11-02,305.303070,307.300182,302.566233,305.303070
2020-11-03,308.529920,312.746096,305.386284,310.693481
2020-11-04,315.159317,321.705505,313.985085,317.637268
2020-11-05,322.907461,325.635044,322.556109,323.832062
2020-11-06,323.545449,325.006334,321.437361,323.758118
2020-11-09,336.526881,336.905970,327.364085,327.826385
2020-11-10,326.836942,328.399519,324.081652,327.345490
2020-11-11,329.527653,330.600193,328.288692,329.777313
2020-11-12,328.769454,329.823513,324.775201,326.578156
2020-11-13,328.482852,331.839157,327.965078,331.099487
2020-11-16,333.762250,335.426519,332.477042,335.232361
2020-11-17,332.828398,334.631380,331.321295,333.429382
2020-11-18,333.697623,334.243134,329.379726,329.416718
2020-11-19,328.787875,331.173332,327.447194,330.803497
2020-11-20,330.544664,330.748078,328.464313,328.538269
2020-11-23,330.341300,331.765192,328.113009,330.507721
2020-11-24,333.050287,336.378854,332.199671,335.833344
2020-11-25,335.750146,335.777882,334.224561,335.315582
2020-11-27,336.406617,336.720978,335.241611,336.249451
2020-11-30,335.472827,335.740969,332.088814,334.760895
2020-12-01,338.006249,339.957143,337.414491,338.422302
2020-12-02,337.312752,339.291383,336.739504,339.134216
2020-12-03,339.032524,340.428679,337.941502,339.041779
2020-12-04,339.624293,341.963531,339.531827,341.963531
2020-12-07,341.196135,341.750901,339.994166,341.260864
2020-12-08,339.994117,342.823392,339.947898,342.259399
2020-12-09,342.915836,343.073002,338.357562,339.189697
2020-12-10,337.821294,340.123541,336.952168,339.078766
2020-12-11,337.386748,339.088009,335.870417,338.681183
2020-12-14,340.844776,341.917288,336.989180,337.164856
2020-12-15,339.698206,341.723083,338.329816,341.723083
2020-12-16,341.935784,343.174745,341.057402,342.259399
2020-12-17,343.895971,344.376753,343.073063,344.173340
2020-12-18,344.461139,344.628270,340.793388,342.799042
2020-12-21,338.889893,351.415913,336.159978,341.573364
2020-12-22,341.898367,342.009788,339.874153,340.997681
2020-12-23,341.963426,343.207668,340.979173,341.304169
2020-12-24,341.777687,342.659813,341.192729,342.631958
2020-12-28,345.176114,345.965381,344.554007,345.575409
2020-12-29,347.098094,347.274519,344.331030,344.916016
2020-12-30,345.733259,346.438960,345.018292,345.408264
2020-12-31,345.213265,347.887469,344.702578,347.163208
2021-01-04,348.491064,348.621074,338.750669,342.436981
2021-01-05,341.796208,345.881786,341.749764,344.795380
2021-01-06,343.291214,350.041732,342.743378,346.856812
2021-01-07,349.224568,352.753015,349.048142,352.010193
2021-01-08,353.393673,354.229355,350.153071,354.015808
2021-01-11,350.849514,353.384415,350.728799,351.629486
2021-01-12,351.815215,352.715873,349.465977,351.703766
2021-01-13,351.629538,353.644458,350.849566,352.650940
2021-01-14,353.393723,353.895143,351.081663,351.415924
2021-01-15,349.800221,350.598753,346.996036,348.853119
2021-01-19,351.304531,352.130947,349.828153,351.592377
2021-01-20,353.876573,357.293629,353.486602,356.457947
2021-01-21,357.015064,357.442214,355.863681,356.782928
2021-01-22,354.935095,356.680758,354.554389,355.520081
2021-01-25,356.253659,357.275033,351.415936,356.922211
2021-01-26,357.869315,358.277876,356.132946,356.365082
2021-01-27,353.050160,353.143020,345.426840,347.655334
2021-01-28,349.465997,354.637982,349.029610,350.645264
2021-01-29,348.788148,349.753839,341.954066,343.625458
2021-02-01,347.014657,350.375974,343.913331,349.345306
2021-02-02,352.520902,355.835803,349.428870,354.285126
2021-02-03,355.111526,356.281498,353.291592,354.563690
2021-02-04,355.594367,358.639983,354.675119,358.593567
2021-02-05,360.459949,360.710645,358.547155,360.004944
2021-02-08,361.453417,362.651244,360.599174,362.604828
2021-02-09,361.769062,362.957622,361.360530,362.363342
2021-02-10,364.099769,364.248339,359.809911,362.205536
2021-02-11,363.282684,363.700539,360.367077,362.790558
2021-02-12,361.992063,364.824104,361.917764,364.582703
2021-02-16,365.808320,366.003334,363.551970,364.266937
2021-02-17,362.521266,364.601190,361.509131,364.350494
2021-02-18,361.750609,363.542688,360.032801,362.799866
2021-02-19,364.053352,364.341197,361.713408,362.159119
2021-02-22,359.401390,361.778455,359.104250,359.373535
2021-02-23,357.172912,361.156364,353.031623,359.809967
2021-02-24,358.723481,364.201899,357.739229,363.774750
2021-02-25,362.512002,363.876960,353.570140,355.009369
2021-02-26,356.885077,358.027166,351.202405,353.180176
2021-03-01,358.036460,362.985604,353.375190,361.741333
2021-03-02,361.964134,362.196269,358.417098,358.918518
2021-03-03,358.222152,359.187815,354.062274,354.164429
2021-03-04,353.978737,356.560083,345.306160,349.781738
2021-03-05,353.272941,357.265687,346.011767,356.216431
2021-03-08,357.172878,359.977064,354.164411,354.442963
2021-03-09,358.277767,362.047643,357.776346,359.503448
2021-03-10,361.843487,363.431286,360.432114,361.741333
2021-03-11,364.201995,367.377592,363.746990,365.409088
2021-03-12,364.053365,366.040429,363.245538,365.901154
2021-03-15,366.151839,368.343212,364.016204,368.083221
2021-03-16,368.696161,369.401834,366.848343,367.619049
2021-03-17,366.337629,369.671091,365.195512,368.872559
2021-03-18,366.291210,368.371135,362.827739,363.505585
2021-03-19,363.205605,364.779982,360.662373,362.832977
2021-03-22,363.345344,367.108947,363.289451,365.730194
2021-03-23,365.096712,366.540654,362.069067,362.851593
2021-03-24,364.248969,365.879239,360.960482,361.007050
2021-03-25,359.572473,363.829787,357.634765,363.037964
2021-03-26,364.183673,369.288757,363.587475,368.888184
2021-03-29,367.416285,369.605510,365.935071,368.701874
2021-03-30,367.434905,368.394435,366.130667,367.723694
2021-03-31,368.292036,370.770051,368.264090,369.214294
2021-04-01,371.142595,373.257307,370.937646,373.201385
2021-04-05,375.856520,379.098440,375.782006,378.558105
2021-04-06,377.999147,379.377872,377.663762,378.334503
2021-04-07,378.166755,379.116959,377.710288,378.772278
2021-04-08,380.020682,380.626205,379.089099,380.570312
2021-04-09,380.449152,383.504743,380.328042,383.337036
2021-04-12,382.740848,383.746945,382.135325,383.476807
2021-04-13,383.374380,385.237546,382.992427,384.613373
2021-04-14,384.585396,385.638089,382.759501,383.299835
2021-04-15,385.433082,387.687525,385.386515,387.417358
2021-04-16,388.703016,389.317865,387.287020,388.712341
2021-04-19,387.780730,388.227872,385.479719,386.802551
2021-04-20,385.591557,386.690818,382.498694,383.970612
2021-04-21,383.355713,387.808679,383.215953,387.603729
2021-04-22,387.436075,388.265169,383.001731,384.063721
2021-04-23,384.622623,389.634543,384.548109,388.227844
2021-04-26,388.879946,389.606580,388.293045,389.038300
2021-04-27,389.336512,389.532165,387.818027,388.954559
2021-04-28,389.224726,390.342637,388.376982,388.842773
2021-04-29,391.562960,391.935588,387.948414,391.320740
2021-04-30,389.057042,389.904786,387.855291,388.749603
2021-05-03,390.733811,391.115763,389.094244,389.587982
2021-05-04,387.603733,388.097471,383.504774,387.184509
2021-05-05,388.824118,389.057014,386.746678,387.305634
2021-05-06,387.380120,390.528875,385.377222,390.398468
2021-05-07,391.162426,393.891957,390.482360,393.239838
2021-05-10,393.593842,393.817412,389.224715,389.345825
2021-05-11,384.836928,386.858447,382.004908,385.870972
2021-05-12,383.094885,384.361824,376.359530,377.673065
2021-05-13,379.219405,384.138161,379.172809,382.209778
2021-05-14,384.939397,388.926571,384.911450,388.078827
2021-05-17,386.970257,387.901840,385.079117,387.091339
2021-05-18,387.352183,387.594404,383.597905,383.756287
2021-05-19,379.079742,382.927156,377.598500,382.750153
2021-05-20,383.625788,388.125349,383.504706,386.867706
2021-05-21,388.348974,389.587995,386.094559,386.551025
2021-05-24,388.786825,391.562953,388.544605,390.491638
2021-05-25,391.572249,391.926255,389.047667,389.625244
2021-05-26,390.212140,390.901502,389.178097,390.398468
2021-05-27,391.423283,391.935642,390.323993,390.603485
2021-05-28,392.168551,392.429393,391.069289,391.302185
2021-06-01,393.659105,393.798837,390.519674,390.957520
2021-06-02,391.609567,392.410744,390.603470,391.572296
2021-06-03,389.262039,391.255612,387.799447,390.119080
2021-06-04,391.963517,393.985064,390.184190,393.686951
2021-06-07,393.677651,393.854654,392.373440,393.305023
2021-06-08,394.161995,394.255159,391.562900,393.388794
2021-06-09,394.227292,394.301835,392.578401,392.801971
2021-06-10,394.022376,395.578132,392.708840,394.627899
2021-06-11,395.177508,395.391754,393.891919,395.279968
2021-06-14,395.391779,396.267469,394.152786,396.165009
2021-06-15,396.314075,396.351318,394.562695,395.438385
2021-06-16,395.578137,395.801708,391.190389,393.230530
2021-06-17,392.820573,394.078187,390.631348,393.100037
2021-06-18,389.825160,390.516778,387.591408,387.797028
2021-06-21,389.554035,393.535570,388.740911,393.348633
2021-06-22,393.339414,396.283495,392.619730,395.451660
2021-06-23,395.526343,396.330112,394.890801,394.974915
2021-06-24,397.115259,397.732090,396.862890,397.311523
2021-06-25,398.059199,399.171411,397.732072,398.722778
2021-06-28,399.246203,399.694807,398.049877,399.526581
2021-06-29,399.909773,400.545315,399.208800,399.741547
2021-06-30,399.283561,400.750938,399.255523,400.078003
2021-07-01,400.835069,402.451991,400.769638,402.293091
2021-07-02,403.452060,405.723206,402.377212,405.368042
2021-07-06,405.424111,405.639086,401.900563,404.629669
2021-07-07,405.311969,406.340068,403.302518,406.059662
2021-07-08,400.750945,403.508117,399.573301,402.751068
2021-07-09,404.255726,407.349351,402.554692,407.050262
2021-07-12,406.966288,408.760791,406.536366,408.508423
2021-07-13,407.723288,409.218703,406.854088,407.115784
2021-07-14,408.807411,409.293437,406.480190,407.723236
2021-07-15,406.386825,407.059760,404.433450,406.330750
2021-07-16,407.508323,407.555043,402.751056,403.143585
2021-07-19,398.330345,403.209119,394.386201,397.190094
2021-07-20,397.853579,404.153010,397.059138,402.881897
2021-07-21,404.078242,406.283986,402.835196,406.143768
2021-07-22,406.321358,407.237306,405.340007,406.994293
2021-07-23,408.919578,411.517850,408.237316,411.181396
2021-07-26,410.592585,412.200151,410.545865,412.190796
2021-07-27,411.153387,411.181425,407.489622,410.312225
2021-07-28,410.938393,411.517860,408.723323,410.143951
2021-07-29,411.069270,412.919821,411.059915,411.845001
2021-07-30,409.284126,411.293576,409.153264,409.844910
2021-08-02,411.555312,412.106740,408.629913,408.985077
2021-08-03,409.779415,412.433762,407.592383,412.312256
2021-08-04,411.031873,412.284274,410.050522,410.284180
2021-08-05,411.443138,412.966590,411.125366,412.882477
2021-08-06,413.200267,413.985354,412.919861,413.564758
2021-08-09,413.536626,413.854397,412.461807,413.228210
2021-08-10,413.676879,414.452638,412.994616,413.742310
2021-08-11,414.807840,414.863916,413.686272,414.770447
2021-08-12,414.620837,416.153645,413.723600,416.013428
2021-08-13,416.461972,416.789099,415.975975,416.770416
2021-08-16,415.471391,417.882726,413.919900,417.751892
2021-08-17,415.200398,415.873333,412.032014,415.013489
2021-08-18,414.003972,415.564818,410.228085,410.471069
2021-08-19,407.751368,412.303044,407.611179,411.106689
2021-08-20,411.452498,414.704995,410.966472,414.377869
2021-08-23,416.060158,418.929481,414.452592,418.022888
2021-08-24,418.686584,419.219331,418.172549,418.686584
2021-08-25,418.873446,420.079099,418.499571,419.565063
2021-08-26,419.284739,419.518396,416.994910,417.088379
2021-08-27,417.892106,421.191351,417.836030,420.817505
2021-08-30,421.490447,423.453177,421.247434,422.668091
2021-08-31,422.574525,422.910978,421.443630,422.041779
2021-09-01,422.976472,423.490508,422.032486,422.266144
2021-09-02,423.686845,424.369107,422.369012,423.565338
2021-09-03,422.434392,423.976527,422.032480,423.462463
2021-09-07,423.116653,423.210121,421.275429,421.948364
2021-09-08,421.415674,422.144685,419.518347,421.434357
2021-09-09,421.238120,422.985875,419.387541,419.630554
2021-09-10,421.555837,421.976404,416.200393,416.321899
2021-09-13,419.312756,419.574451,415.078851,417.387390
2021-09-14,418.826754,419.032374,414.247069,415.134979
2021-09-15,415.555481,419.097740,414.452624,418.602386
2021-09-16,418.079032,419.051027,414.994733,417.938843
2021-09-17,417.168073,417.589987,413.511313,413.867615
2021-09-20,407.754337,409.329540,402.109817,406.966736
2021-09-21,409.301474,410.595401,406.057299,406.582367
2021-09-22,408.851363,412.583121,406.694837,410.548462
2021-09-23,412.414373,417.140011,412.179967,415.536652
2021-09-24,413.905226,416.933765,413.689562,416.221161
2021-09-27,415.189684,416.352330,414.336442,415.030304
2021-09-28,412.264340,412.592514,405.935371,406.666718
2021-09-29,408.045030,409.779642,406.788616,407.351196
2021-09-30,408.823242,409.526461,402.034846,402.372406
2021-10-01,404.097568,408.832562,400.581475,407.154205
2021-10-04,405.991688,406.891800,399.765843,401.903656
2021-10-05,403.403766,408.326297,402.606807,406.085388
2021-10-06,402.494269,407.979380,400.872196,407.773102
2021-10-07,411.045405,414.130170,410.867254,411.298553
2021-10-08,412.067438,412.451868,409.920269,410.548462
2021-10-11,409.892199,412.798842,407.510623,407.576263
2021-10-12,408.495085,408.898257,405.785335,406.572937
2021-10-13,407.594960,408.851374,404.622704,408.035645
2021-10-14,411.692388,415.049102,411.223576,414.899078
2021-10-15,417.008703,418.424525,416.389867,418.058838
2021-10-18,416.277416,419.634101,415.621067,419.296570
2021-10-19,420.918656,422.596984,420.309177,422.531372
2021-10-20,422.990759,424.490965,422.878249,424.190918
2021-10-21,423.590879,425.522384,423.159579,425.297363
2021-10-22,424.866044,426.309995,422.915768,424.856659
2021-10-25,425.944267,427.463215,424.172171,427.135040
2021-10-26,428.682206,429.891722,427.144487,427.519531
2021-10-27,427.978936,428.644642,425.550462,425.625488
2021-10-28,427.050647,429.807267,427.041290,429.732269
2021-10-29,427.435132,430.894971,427.144470,430.604309
2021-11-01,431.588795,431.963868,429.619805,431.345032
2021-11-02,431.513786,433.398422,431.382505,433.088989
2021-11-03,432.526433,436.136296,432.085749,435.733124
2021-11-04,436.333133,437.870851,435.986216,437.786469
2021-11-05,440.008639,441.293180,437.795857,439.305420
2021-11-08,440.402501,440.899441,438.996063,439.680511
2021-11-09,440.046198,440.280605,436.820766,438.227203
2021-11-10,436.539428,438.227170,433.220256,434.701691
2021-11-11,436.192559,436.267585,434.823635,434.842377
2021-11-12,436.108075,438.677158,435.161064,438.123962
2021-11-15,439.408625,439.568006,437.148945,438.274078
2021-11-16,438.011521,441.143185,437.936524,440.008667
2021-11-17,439.746102,439.924253,438.320922,438.939758
2021-11-18,439.971239,440.693228,437.252131,440.430695
2021-11-19,440.318098,441.565156,439.277348,439.643036
2021-11-22,441.518287,444.002988,438.199086,438.405365
2021-11-23,438.077166,439.839906,435.479955,438.986664
2021-11-24,436.989484,440.280557,436.173755,440.158661
2021-11-26,433.501497,434.964189,429.216544,430.341705
2021-11-29,435.123665,437.458343,432.929626,435.620605
2021-11-30,433.182716,435.086093,426.900618,427.144409
2021-12-01,432.845211,435.686214,422.203162,422.400055
2021-12-02,422.615807,430.435598,422.221992,428.869751
2021-12-03,430.529221,431.588713,420.918567,425.137878
2021-12-06,427.678888,432.048224,425.269185,430.172974
2021-12-07,435.442441,439.633626,430.041711,439.071045
2021-12-08,439.464842,440.683743,437.711460,440.233673
2021-12-09,438.949127,440.336822,437.064520,437.261414
2021-12-10,439.961769,441.527587,437.411428,441.377563
2021-12-13,440.861941,441.208858,437.186438,437.467743
2021-12-14,434.204676,436.689376,431.541825,434.457825
2021-12-15,434.514197,441.490101,432.001340,441.246338
2021-12-16,443.093455,443.374731,435.808090,437.355194
2021-12-17,434.281207,437.282741,430.997409,432.700470
2021-12-20,427.628906,428.494535,424.486239,428.099365
2021-12-21,431.514894,435.843128,429.350792,435.701996
2021-12-22,435.447974,440.171377,435.250360,440.058472
2021-12-23,441.055833,444.292597,440.952346,442.796539
2021-12-27,444.170289,449.110114,444.123254,449.063080
2021-12-28,449.495893,450.521491,447.933964,448.696106
2021-12-29,448.799621,450.286261,447.802249,449.270081
2021-12-30,449.693493,450.700283,447.567035,448.028076
2021-12-31,447.538773,448.686666,446.626080,446.898926
2022-01-03,448.159720,449.618162,445.854486,449.486420
2022-01-04,450.907285,451.622393,447.482326,449.335938
2022-01-05,448.969002,449.740563,440.613635,440.707733
2022-01-06,440.246606,443.003491,437.931924,440.293640
2022-01-07,440.303042,441.479190,437.197992,438.552917
2022-01-10,435.363283,438.223656,429.623670,438.007263
2022-01-11,437.743821,442.090863,434.751676,441.996765
2022-01-12,443.728042,445.242937,441.234612,443.191711
2022-01-13,444.292588,444.941824,436.059546,437.085144
2022-01-14,433.942503,437.612082,432.728709,437.263947
2022-01-18,432.578159,432.785163,428.409894,429.520172
2022-01-19,431.063280,432.455822,424.787337,425.060211
2022-01-20,426.941962,431.637139,418.238462,420.355530
2022-01-21,419.235945,421.588243,412.075564,412.103790
2022-01-24,406.505305,414.361986,395.901157,413.853882
2022-01-25,407.474357,413.740880,401.913522,408.801056
2022-01-26,414.681824,417.805682,403.522510,407.775482
2022-01-27,412.367172,415.500419,404.077678,405.761902
2022-01-28,407.116894,415.886268,402.544041,415.839233
2022-01-31,415.171107,423.677023,413.825600,423.328888
2022-02-01,424.053396,426.829119,420.534368,426.189301
2022-02-02,428.588640,431.053843,426.283376,430.329346
2022-02-03,424.307512,426.208159,419.377076,420.214508
2022-02-04,419.979264,426.029367,417.608129,422.190430
2022-02-07,422.952486,424.345028,419.508720,420.835419
2022-02-08,420.336683,425.220054,418.915886,424.297943
2022-02-09,428.325209,430.828057,428.127624,430.508148
2022-02-10,424.674450,430.668101,420.779060,422.773804
2022-02-11,422.858463,424.928468,413.007039,414.437225
2022-02-14,413.929126,415.509863,409.619700,413.082275
2022-02-15,417.513984,419.913316,416.996461,419.743958
2022-02-16,417.702241,421.588242,415.829821,420.214508
2022-02-17,417.034132,420.186217,410.635894,411.238068
2022-02-18,411.492144,412.743582,406.307699,408.575317
2022-02-22,406.373583,409.770287,400.699813,404.190643
2022-02-23,407.098079,407.662637,396.456286,397.020844
2022-02-24,386.736555,403.428479,386.379030,402.995636
2022-02-25,404.228234,411.972008,402.581626,411.887329
2022-02-28,406.505263,412.310746,405.253853,410.833496
2022-03-01,409.337403,411.341565,401.875893,404.576355
2022-03-02,406.825212,413.740973,406.072488,412.019104
2022-03-03,414.446557,415.048730,408.170615,409.967773
2022-03-04,406.241825,407.766110,402.600473,406.637024
2022-03-07,406.053655,406.759344,394.583848,394.649719
2022-03-08,394.828424,401.969996,390.594289,391.657532
2022-03-09,400.022297,404.134108,397.839358,402.158173
2022-03-10,397.557144,401.236141,395.600045,400.342285
2022-03-11,402.826248,403.437840,394.743757,395.251862
2022-03-14,396.023378,399.467116,391.224686,392.363190
2022-03-15,394.969521,401.621824,393.699303,400.991425
2022-03-16,404.491731,409.939632,399.702427,409.883179
2022-03-17,407.973115,415.011200,407.596753,415.011200
2022-03-18,413.402891,419.877635,412.666696,419.556732
2022-03-21,419.386842,421.387783,415.932376,419.434052
2022-03-22,420.821469,425.276405,420.821469,424.342010
2022-03-23,421.812531,423.303789,418.792224,418.877167
2022-03-24,420.896997,425.200915,419.783270,425.191467
2022-03-25,425.823836,427.541636,423.247137,427.267914
2022-03-28,426.673300,430.307098,424.785616,430.307098
2022-03-29,434.186263,436.121157,431.505755,435.630341
2022-03-30,434.488347,435.300066,430.835682,432.940460
2022-03-31,432.175899,432.997038,425.823831,426.276886
2022-04-01,427.853099,427.994670,423.917294,427.485016
2022-04-04,427.683150,431.250871,426.862012,431.147034
2022-04-05,429.655781,432.119195,424.559040,425.701080
2022-04-06,421.793643,423.719060,418.565690,421.444397
2022-04-07,420.566704,425.380305,418.622391,423.568115
2022-04-08,422.813017,425.323641,420.897018,422.435486
2022-04-11,419.169730,420.009763,414.714822,415.215057
2022-04-12,418.197589,420.717660,412.128690,413.676605
2022-04-13,413.431217,419.169766,413.251885,418.414703
2022-04-14,418.641193,419.754949,413.100844,413.204681
2022-04-18,412.279651,415.054549,411.147029,413.374512
2022-04-19,413.270677,420.764786,413.100793,420.047485
2022-04-20,421.821935,422.435426,418.575116,419.736023
2022-04-21,423.350980,424.738429,412.553423,413.459503
2022-04-22,412.374061,413.478340,401.548191,402.114502
2022-04-25,399.877638,404.615716,395.318865,404.445831
2022-04-26,401.916262,402.114489,392.704382,392.732697
2022-04-27,393.808661,399.169706,391.703912,393.836975
2022-04-28,398.575187,405.512434,394.148565,403.785187
2022-04-29,399.802103,401.954062,388.117333,388.862976
2022-05-02,388.929011,392.562809,382.274908,391.203674
2022-05-03,391.703920,395.403765,390.146557,392.996979
2022-05-04,393.657695,405.531246,390.476952,404.964935
2022-05-05,400.708175,401.132916,386.446734,390.571320
2022-05-06,388.013477,391.505676,382.945050,388.239990
2022-05-09,382.350450,383.586881,374.233402,375.809631
2022-05-10,381.774752,383.275457,372.647813,376.678009
2022-05-11,375.715278,381.350017,369.948387,370.694031
2022-05-12,367.503795,373.572692,363.520780,370.307007
2022-05-13,374.431620,380.538280,373.393388,379.160278
2022-05-16,377.518048,381.283969,375.271699,377.621857
2022-05-17,383.700163,385.625609,379.971975,385.389648
2022-05-18,380.840310,381.123451,368.617542,369.853973
2022-05-19,366.795921,372.005948,365.370710,367.588745
2022-05-20,371.165910,374.733632,359.169685,367.749207
2022-05-23,370.769482,375.394332,368.457086,374.629822
2022-05-24,370.514632,372.959180,365.229111,371.769958
2022-05-25,370.278726,377.017773,369.882329,375.054565
2022-05-26,376.281578,384.181533,376.073932,382.548676
2022-05-27,385.002605,392.053106,384.804406,391.939850
2022-05-31,390.325931,393.072515,387.003617,389.740753
2022-06-01,391.854973,392.864863,384.077694,386.588318
2022-06-02,386.427834,393.997437,384.181485,393.950256
2022-06-03,389.240487,390.788402,386.512799,387.484955
2022-06-06,391.486874,393.214093,387.494411,388.664795
2022-06-07,385.181975,392.845968,384.719473,392.392914
2022-06-08,390.684574,392.468450,387.333946,388.126770
2022-06-09,386.352343,388.617559,378.895996,378.895996
2022-06-10,372.704433,373.553886,367.862518,367.909698
2022-06-13,358.518436,360.368358,352.336253,353.940796
2022-06-14,355.686958,356.715743,349.778497,352.874298
2022-06-15,356.168182,362.340917,351.222460,357.904877
2022-06-16,349.702907,350.108752,343.633981,346.059662
2022-06-17,346.473977,350.142419,343.307930,346.805725
2022-06-21,352.521756,356.920087,352.445906,355.536133
2022-06-22,351.317866,358.996019,350.900779,354.891541
2022-06-23,357.024271,359.100188,353.469575,358.370300
2022-06-24,361.536351,369.773771,361.507915,369.764282
2022-06-27,370.683833,370.977685,367.261858,368.351959
2022-06-28,369.906584,372.683981,360.711755,360.825500
2022-06-29,361.375217,362.361032,358.711567,360.531555
2022-06-30,356.645162,360.834978,353.156826,357.602570
2022-07-01,356.948510,361.820829,354.332243,361.384766
2022-07-05,356.303864,362.086177,353.479054,362.067200
2022-07-06,362.209428,365.773614,359.830170,363.290070
2022-07-07,365.062697,369.527389,363.309040,368.731140
2022-07-08,367.100685,370.295198,365.574549,368.427795
2022-07-11,365.754680,366.721547,363.527064,364.219055
2022-07-12,363.669172,366.048458,359.251865,360.996033
2022-07-13,355.564530,362.029346,355.147443,359.100250
2022-07-14,354.152079,359.308762,351.715949,358.228149
2022-07-15,362.626556,365.185950,360.721258,365.072205
2022-07-18,368.152853,368.825867,360.834915,362.057739
2022-07-19,365.972649,372.409028,365.318611,371.840271
2022-07-20,372.029880,375.622502,370.664874,374.210083
2022-07-21,373.631851,378.068106,371.233616,378.020721
2022-07-22,378.144036,379.338395,372.295361,374.513489
2022-07-25,375.139002,375.821505,372.731280,374.968384
2022-07-26,373.328571,373.537115,369.641180,370.532227
2022-07-27,373.821442,381.897732,373.527589,380.153564
2022-07-28,380.959305,385.613563,377.414067,384.921600
2022-07-29,386.352906,391.519078,385.585094,390.533234
2022-08-01,387.841146,391.879291,387.130206,389.376770
2022-08-02,387.812776,391.490707,385.632573,386.807983
2022-08-03,388.931285,394.031096,388.646921,392.865173
2022-08-04,392.789298,393.471801,390.959821,392.599731
2022-08-05,388.324648,392.580796,388.267775,391.936218
2022-08-08,393.623477,395.870042,390.381581,391.481171
2022-08-09,390.751321,391.253717,388.855482,389.926636
2022-08-10,396.969633,398.258819,395.016922,398.116608
2022-08-11,400.960365,402.818308,397.377232,398.116608
2022-08-12,400.050456,404.960672,399.102537,404.856415
2022-08-15,402.647702,407.046062,402.590829,406.524689
2022-08-16,405.453551,409.245228,404.647814,407.320953
2022-08-17,403.728267,407.131294,402.429622,404.429718
2022-08-18,404.628779,406.287638,403.339623,405.605164
2022-08-19,402.846750,403.112167,399.282565,400.154663
2022-08-22,395.329764,395.500411,390.921944,391.822479
2022-08-23,391.395886,393.784662,390.324733,390.874542
2022-08-24,390.647013,393.490771,389.964539,392.125793
2022-08-25,393.613987,397.709005,392.523886,397.661621
2022-08-26,397.547829,398.088121,384.144238,384.201111
2022-08-29,381.253199,384.703610,380.305279,381.660797
2022-08-30,382.817195,383.054175,375.376023,377.470917
2022-08-31,379.101310,380.343082,374.466000,374.598694
2022-09-01,372.428046,376.115438,369.726470,375.774200
2022-09-02,379.433138,380.646474,370.001330,371.811859
2022-09-06,372.655469,373.593900,368.190778,370.408905
2022-09-07,370.096172,377.831197,369.878169,377.063385
2022-09-08,374.797846,379.982937,373.593970,379.527954
2022-09-09,381.765058,386.286652,381.499641,385.424042
2022-09-12,387.490461,390.286834,387.187119,389.566406
2022-09-13,380.902423,382.106299,371.508568,372.627106
2022-09-14,373.925777,375.565688,370.750241,374.049011
2022-09-15,372.494333,375.338091,368.532038,369.802246
2022-09-16,365.629521,367.637833,363.697312,366.981079
2022-09-19,363.840082,369.826965,363.763921,369.826965
2022-09-20,366.505230,367.514150,362.831245,365.581970
2022-09-21,367.504556,370.550369,359.195246,359.204773
2022-09-22,358.433857,360.070977,355.445178,356.187592
2022-09-23,352.722910,352.760990,345.784213,350.219666
2022-09-26,348.753910,352.370789,345.536777,346.755096
2022-09-27,350.286302,352.551622,343.480843,345.869904
2022-09-28,346.821738,354.360084,345.127512,352.675385
2022-09-29,349.134598,349.420130,342.367220,345.308319
2022-09-30,344.365969,348.277936,339.835359,339.968597
2022-10-03,343.680658,350.790703,341.900772,348.944183
2022-10-04,354.455199,359.785359,348.906142,359.756805
2022-10-05,355.397529,361.175013,353.075102,358.919220
2022-10-06,357.520077,360.470704,354.721744,355.216705
2022-10-07,351.190518,355.302358,343.547459,345.308319
2022-10-10,346.421961,346.659914,340.435076,342.671814
2022-10-11,340.977585,345.536779,338.569499,340.501678
2022-10-12,340.910913,342.481399,339.130998,339.378479
2022-10-13,332.382684,349.800883,331.335684,348.335083
2022-10-14,350.790725,352.418347,339.759215,340.396942
2022-10-17,346.469511,350.248211,340.063798,349.144104
2022-10-18,357.053651,357.358238,349.810339,353.246399
2022-10-19,351.209574,353.931775,347.935334,350.743195
2022-10-20,350.295747,354.712174,347.040534,347.802002
2022-10-21,347.526011,356.739555,346.022159,356.254150
2022-10-24,357.777080,361.746124,355.131011,360.613464
2022-10-25,360.537359,366.686064,360.423146,366.371979
2022-10-26,363.230914,368.903712,362.973935,363.611633
2022-10-27,364.611082,366.448075,361.051281,361.669983
2022-10-28,361.565268,370.750260,361.384421,370.274353
2022-10-31,367.818689,369.684235,366.695557,367.599762
2022-11-01,371.340395,371.578348,364.820469,365.991180
2022-11-02,365.401117,369.903204,356.701558,356.806244
2022-11-03,353.570028,356.168488,351.019176,353.132202
2022-11-04,358.833608,360.613494,352.170915,358.214935
2022-11-07,359.509428,362.231630,357.434482,361.641510
2022-11-08,362.745493,366.562273,359.518862,363.592621
2022-11-09,361.622403,362.774118,355.606937,356.101898
2022-11-10,369.351119,376.004314,367.057275,375.671173
2022-11-11,376.527791,380.106618,374.643190,379.307098
2022-11-14,377.546245,380.896617,375.804410,376.080444
2022-11-15,381.819790,382.923897,375.480712,379.287964
2022-11-16,377.660461,378.612274,375.766362,376.394562
2022-11-17,371.645006,375.918667,371.340448,375.242859
2022-11-18,378.574125,378.640759,374.100621,376.946533
2022-11-21,375.623566,376.746699,373.738966,375.575958
2022-11-22,377.517708,380.791948,376.109014,380.630127
2022-11-23,380.296958,383.514092,380.068532,383.028687
2022-11-25,382.467087,383.495061,382.191082,382.942993
2022-11-28,379.859157,381.496277,376.070929,376.832397
2022-11-29,376.965554,378.155320,374.348068,376.185089
2022-11-30,376.432523,388.035126,374.519398,388.035126
2022-12-01,389.072670,390.243410,385.246391,387.749664
2022-12-02,382.866794,388.206451,382.762108,387.302246
2022-12-05,384.484912,385.417670,378.983433,380.334991
2022-12-06,380.173262,380.715773,372.768156,374.852600
2022-12-07,374.005474,376.575381,373.082214,374.214874
2022-12-08,376.099452,378.212449,374.319537,377.146423
2022-12-09,375.909084,378.459937,374.205331,374.329071
2022-12-12,375.119059,379.725861,374.452808,379.725861
2022-12-13,390.452800,390.709780,379.840089,382.600342
2022-12-14,382.257674,385.960241,377.213076,380.154175
2022-12-15,375.299932,376.204166,369.198835,370.854980
2022-12-16,368.302877,369.641529,364.344291,366.476562
2022-12-19,366.667834,367.002504,361.705237,363.368988
2022-12-20,362.613643,365.482195,361.294104,363.866241
2022-12-21,366.457477,370.435205,365.922016,369.306915
2022-12-22,366.266226,369.287770,358.349024,364.038330
2022-12-23,363.015186,366.275776,361.466173,366.132355
2022-12-27,366.017708,366.361921,363.015277,364.688599
2022-12-28,364.621520,366.591285,359.926684,360.156158
2022-12-29,362.996102,367.509291,362.470183,366.639160
2022-12-30,363.961822,365.816792,361.848635,365.673370
2023-01-03,367.528383,369.498119,361.274932,364.133942
2023-01-04,366.390557,368.972265,363.349899,366.945160
2023-01-05,364.994516,365.109254,362.164220,362.757050
2023-01-06,365.845509,372.194584,362.785738,371.075836
2023-01-09,373.265509,376.449618,370.683830,370.865479
2023-01-10,370.282199,373.533218,369.345128,373.466278
2023-01-11,375.043996,378.266330,374.231233,378.189819
2023-01-12,379.289500,381.029733,375.225718,379.566772
2023-01-13,376.373064,381.612962,376.105334,381.039246
2023-01-17,381.020190,382.693512,379.662396,380.341278
2023-01-18,381.526978,382.588329,374.135666,374.336456
2023-01-19,372.299722,373.944359,370.291759,371.611298
2023-01-20,373.007376,378.687112,371.362739,378.534119
2023-01-23,379.337246,385.007409,378.381062,383.075928
2023-01-24,381.402656,383.573183,380.216997,382.664825
2023-01-25,378.600964,383.142837,376.315671,382.808167
2023-01-26,385.466429,387.178006,382.502253,387.015442
2023-01-27,385.973213,390.276040,385.762851,387.904694
2023-01-30,385.150817,387.378741,382.741244,383.037659
2023-01-31,383.554088,388.717475,383.209846,388.669678
2023-02-01,387.455259,395.544596,384.720587,392.800323
2023-02-02,396.682425,399.981271,394.789199,398.518311
2023-02-03,393.555731,398.700005,393.077639,394.282440
2023-02-06,391.834576,393.268852,390.218623,391.872803
2023-02-07,390.954957,398.241074,389.711929,396.998047
2023-02-08,395.028237,396.366889,391.968437,392.656891
2023-02-09,396.252172,396.405165,388.028985,389.252899
2023-02-10,388.076813,390.543784,387.264080,390.161316
2023-02-13,390.811462,394.875243,390.352483,394.741364
2023-02-14,393.221042,396.864100,390.610679,394.559723
2023-02-15,392.370112,395.917546,391.528665,395.841064
2023-02-16,390.878410,394.817883,390.256897,390.390747
2023-02-17,388.268004,389.654482,386.346065,389.415436
2023-02-21,385.399475,386.451283,381.345265,381.603424
2023-02-22,382.014617,383.554089,379.624157,381.077576
2023-02-23,383.965235,384.577207,378.887900,383.104675
2023-02-24,378.094248,379.844052,376.392242,379.012177
2023-02-27,382.349289,383.707083,379.365999,380.303070
2023-02-28,379.824899,381.785064,378.792205,378.897400
2023-03-01,378.084687,379.308601,376.143635,377.444031
2023-03-02,375.474349,381.221024,375.139678,380.379578
2023-03-03,382.196296,386.728628,381.546098,386.480011
2023-03-06,387.302254,389.597119,386.307844,386.747681
2023-03-07,386.699921,386.938967,380.207424,380.819366
2023-03-08,380.934081,382.196221,379.212932,381.440857
2023-03-09,382.224928,383.888708,373.418483,374.403351
2023-03-10,373.858317,375.933248,367.480587,369.000916
2023-03-13,365.080595,373.284670,363.971418,368.475037
2023-03-14,373.389893,376.210647,370.091046,374.566010
2023-03-15,368.981849,372.424088,366.897345,372.223297
2023-03-16,369.871070,379.098239,369.364294,378.753998
2023-03-17,377.425620,378.558216,372.943186,374.325348
2023-03-20,375.102801,378.337464,374.402142,377.924713
2023-03-21,381.284120,383.366971,379.690794,382.887054
2023-03-22,382.714320,386.323273,376.321827,376.360199
2023-03-23,379.220488,383.251799,374.670888,377.377625
2023-03-24,376.101022,379.940355,373.759027,379.853973
2023-03-27,382.128834,382.896718,379.671663,380.564301
2023-03-28,379.873147,380.564228,377.876707,379.709991
2023-03-29,383.866058,385.468993,382.666267,385.229034
2023-03-30,387.859000,388.108566,385.622601,387.484680
2023-03-31,388.406115,393.243682,388.300518,392.946136
2023-04-03,392.427765,394.846534,392.034230,394.443420
2023-04-04,395.086587,395.374555,390.882513,392.255096
2023-04-05,391.525573,392.283850,389.577113,391.228027
2023-04-06,390.431341,393.032510,389.385126,392.754150
2023-04-10,390.277727,393.234030,389.663449,393.157227
2023-04-11,393.781197,394.664227,392.495024,393.262878
2023-04-12,395.326543,395.614511,391.074489,391.659973
2023-04-13,392.744551,397.217377,391.602347,396.862244
2023-04-14,396.228770,398.417188,393.589228,395.892822
2023-04-17,395.806409,397.332541,394.577824,397.313354
2023-04-18,398.887477,399.021867,396.199955,397.572510
2023-04-19,395.662509,398.407618,395.604921,397.505402
2023-04-20,394.693050,397.083055,393.790804,395.336151
2023-04-21,395.633672,396.103981,393.694820,395.643280
2023-04-24,395.441692,396.478329,394.107539,396.056000
2023-04-25,394.088292,394.645012,389.711455,389.769043
2023-04-26,390.383386,391.458394,387.561474,388.118164
2023-04-27,390.652117,396.113570,390.402551,395.844818
2023-04-28,394.961727,399.232996,394.904140,399.223389
2023-05-01,398.781911,400.845547,398.589933,398.820312
2023-05-02,398.109936,398.157945,391.439114,394.337799
2023-05-03,394.837004,397.246195,391.391206,391.631165
2023-05-04,390.584896,390.911236,387.523026,388.857208
2023-05-05,392.485419,397.102214,392.226274,396.056000
2023-05-08,396.382302,396.641446,394.760181,396.161530
2023-05-09,394.616142,395.537574,394.193813,394.424164
2023-05-10,397.255778,397.889271,392.447004,396.267151
2023-05-11,395.403256,395.863957,393.502776,395.576019
2023-05-12,396.814250,397.025415,392.638970,395.057739
2023-05-15,395.662469,396.823859,393.752411,396.420746
2023-05-16,395.316863,396.238324,393.761938,393.771545
2023-05-17,395.787220,399.156214,394.145913,398.551544
2023-05-18,398.234805,402.813229,398.014062,402.390900
2023-05-19,403.293179,403.821076,400.586442,401.805420
2023-05-22,401.824628,403.504337,400.586435,401.968597
2023-05-23,400.327259,401.901400,397.063832,397.457367
2023-05-24,395.854384,396.238311,393.416399,394.577789
2023-05-25,398.081193,399.444169,395.844795,397.994812
2023-05-26,398.647519,403.869014,398.570745,403.149139
2023-05-30,405.078370,405.606267,401.920511,403.302673
2023-05-31,401.479005,402.381251,399.501751,401.066284
2023-06-01,401.296582,405.932592,400.048811,404.876770
2023-06-02,407.449200,411.518883,406.921303,410.731842
2023-06-05,411.077390,412.363563,409.244105,409.944794
2023-06-06,409.532074,411.365329,408.879365,410.837433
2023-06-07,411.230908,412.363504,408.994480,409.416809
2023-06-08,409.484059,412.344372,408.716204,411.893250
2023-06-09,412.689912,414.638372,411.643697,412.632324
2023-06-12,413.611346,416.452444,412.891471,416.375641
2023-06-13,417.834585,419.763830,417.172298,419.120758
2023-06-14,419.456748,421.424395,416.174106,419.619904
2023-06-15,418.803971,426.069915,418.708011,424.822144
2023-06-16,426.804880,427.373282,422.903127,423.375183
2023-06-20,421.438725,422.325036,419.107288,421.178589
2023-06-21,420.195977,420.995585,418.432941,419.020630
2023-06-22,418.066814,420.639071,417.729618,420.533112
2023-06-23,417.084162,419.136206,416.641007,417.353912
2023-06-26,416.785485,418.702639,415.407832,415.648682
2023-06-27,416.525437,420.822187,416.072639,420.205627
2023-06-28,419.126561,421.429098,418.510002,420.417542
2023-06-29,420.003253,422.238345,419.598642,422.074554
2023-06-30,425.282618,428.037923,424.964680,427.055267
2023-07-03,426.708540,427.826056,426.429146,427.546692
2023-07-05,425.735511,427.643051,425.725867,426.910858
2023-07-06,423.336634,423.991738,421.062998,423.567841
2023-07-07,422.575532,426.438770,422.257594,422.498444
2023-07-10,422.142000,423.741245,421.573598,423.567841
2023-07-11,424.328939,426.756693,423.355897,426.265350
2023-07-12,430.051520,431.101621,428.625679,429.695038
2023-07-13,431.506254,433.895493,431.072742,433.105499
2023-07-14,433.991783,434.839549,432.074600,432.835693
2023-07-17,432.691250,435.388755,432.643062,434.338654
2023-07-18,434.011066,438.211470,433.577525,437.566010
2023-07-19,438.355953,439.723963,437.488871,438.539001
2023-07-20,437.546761,438.442715,434.916672,435.629578
2023-07-21,437.344426,437.546761,435.619964,435.629578
2023-07-24,436.776016,438.384904,435.745172,437.575653
2023-07-25,437.305878,440.022639,437.257690,438.770233
2023-07-26,437.835704,440.263457,436.785603,438.837646
2023-07-27,442.219214,442.623855,435.022626,435.928223
2023-07-28,439.194133,441.024584,435.928198,440.196075
2023-07-31,440.668145,441.390693,439.357907,441.034241
2023-08-01,439.569851,440.513993,438.818402,439.772186
2023-08-02,436.660370,436.920477,432.903122,433.654572
2023-08-03,431.641067,434.290412,430.995577,432.411774
2023-08-04,434.223008,436.323210,429.935872,430.456116
2023-08-07,432.286521,434.367465,431.592873,434.213318
2023-08-08,431.679614,434.203743,428.972466,432.325104
2023-08-09,432.594852,432.758643,428.673813,429.434906
2023-08-10,431.785628,435.167167,428.423377,429.589081
2023-08-11,427.720059,430.350148,427.122757,429.338562
2023-08-14,428.423424,431.708588,428.115129,431.708588
2023-08-15,429.935889,430.292371,426.111195,426.679626
2023-08-16,426.265346,427.922393,423.442595,423.548584
2023-08-17,425.012975,425.273082,419.800984,420.321228
2023-08-18,417.508026,421.554312,417.161216,420.523468
2023-08-21,421.535091,424.001389,419.386730,423.259583
2023-08-22,425.032133,425.032133,421.554279,422.113037
2023-08-23,423.172838,427.431073,423.028334,426.814484
2023-08-24,428.413697,428.924297,420.870270,420.899200
2023-08-25,422.623663,425.147762,419.078363,423.866455
2023-08-28,426.053366,427.170912,423.866462,426.554352
2023-08-29,426.448329,432.999456,426.265281,432.720062
2023-08-30,433.057283,435.138227,432.353991,434.502380
2023-08-31,435.118953,436.255756,433.683499,433.866547
2023-09-01,436.583352,437.065051,433.221070,434.675812
2023-09-05,434.232695,434.550603,432.729795,432.797211
2023-09-06,431.987897,432.093886,427.565901,429.887695
2023-09-07,426.891538,429.242232,426.544728,428.567871
2023-09-08,428.616015,430.745118,428.259563,429.213318
2023-09-11,431.833798,432.344398,430.128593,432.036133
2023-09-12,430.591052,432.113209,429.088153,429.666168
2023-09-13,429.887751,431.323206,428.789462,430.167145
2023-09-14,432.633397,434.569808,431.332803,433.876160
2023-09-15,432.293524,432.622232,428.213641,428.648682
2023-09-18,428.339296,430.195559,427.865575,428.900055
2023-09-19,427.981648,428.571409,425.332634,428.010651
2023-09-20,429.267531,429.683247,423.872788,424.075836
2023-09-21,421.233451,421.494476,416.911868,417.066559
2023-09-22,418.091289,419.686498,415.712948,416.128693
2023-09-25,414.920205,417.917252,414.485135,417.878601
2023-09-26,414.842912,415.548684,410.908041,411.739502
2023-09-27,412.909224,413.469983,408.268612,411.903748
2023-09-28,411.352737,415.964348,410.762976,414.291779
2023-09-29,417.337228,417.511244,411.768468,413.286346
2023-10-02,412.454856,414.369124,410.366571,413.121948
2023-10-03,410.946613,413.179911,406.228640,407.591827
2023-10-04,408.055997,411.304421,406.596124,410.559998
2023-10-05,410.269908,411.246382,407.185853,410.405273
2023-10-06,407.959234,416.815096,406.634728,415.277893
2023-10-09,413.382950,418.506991,412.831899,417.936584
2023-10-10,418.565058,422.702947,418.168667,420.111938
2023-10-11,421.175410,422.084172,418.797068,421.832825
2023-10-12,422.441909,422.818944,416.911830,419.261139
2023-10-13,420.759660,421.958508,415.606645,417.172852
2023-10-16,419.415783,422.625555,419.174084,421.562073
2023-10-17,418.439345,423.592389,418.091313,421.542755
2023-10-18,419.773521,420.730641,414.842851,415.925659
2023-10-19,416.641089,418.448994,411.594409,412.271149
2023-10-20,411.836104,412.377508,407.098776,407.205139
2023-10-23,405.677637,410.356960,403.927737,406.499420
2023-10-24,408.616707,410.714669,406.770121,409.564178
2023-10-25,407.881898,407.910901,403.173573,403.685974
2023-10-26,402.622552,403.473308,397.933581,398.852020
2023-10-27,400.437564,400.833954,395.622905,397.044098
2023-10-30,399.828480,402.844882,398.532976,401.791077
2023-10-31,402.361505,404.633483,400.456914,404.314453
2023-11-01,405.281234,409.438449,404.749478,408.626343
2023-11-02,412.416255,416.612180,412.396930,416.457489
2023-11-03,418.758404,421.803808,418.632716,420.256927
2023-11-06,421.010997,421.668412,419.280423,421.223694
2023-11-07,421.223758,423.060666,420.082945,422.422577
2023-11-08,423.021961,423.544039,420.430952,422.731934
2023-11-09,423.872713,423.911394,419.009727,419.435120
2023-11-10,421.504102,426.289729,419.425465,425.980347
2023-11-13,424.646163,426.676413,423.863060,425.574280
2023-11-14,431.500766,435.116576,431.278392,433.830750
2023-11-15,435.164892,436.392742,433.898390,434.749176
2023-11-16,434.304501,435.600005,433.241019,435.280975
2023-11-17,435.290601,436.431444,434.372162,435.822357
2023-11-20,435.570992,440.018263,435.561314,439.177155
2023-11-21,438.132963,439.051431,436.953469,438.219971
2023-11-22,439.873245,441.226755,438.819440,439.911896
2023-11-24,439.960273,440.375988,439.631565,440.182617
2023-11-27,439.554170,440.366276,439.003089,439.389832
2023-11-28,439.003046,441.120333,438.442317,439.824829
2023-11-29,441.971145,443.102310,439.119112,439.515472
2023-11-30,440.356627,441.594125,438.287667,441.246063
2023-12-01,440.637026,444.388202,440.047294,443.856476
2023-12-04,440.472623,443.875737,439.254450,441.526428
2023-12-05,440.143918,442.396542,439.766854,441.439423
2023-12-06,443.576068,443.605071,439.225483,439.660553
2023-12-07,441.739202,443.663118,441.139792,443.015381
2023-12-08,442.270848,445.451618,442.029149,444.919891
2023-12-11,444.426831,446.824498,444.214134,446.650452
2023-12-12,446.302440,448.787115,445.306641,448.690430
2023-12-13,449.067441,455.129276,448.709731,454.877899
2023-12-14,456.811490,458.000660,453.669400,456.337769
2023-12-15,455.741775,456.916363,453.742100,455.586456
2023-12-18,457.188139,459.129573,456.130062,458.149139
2023-12-19,458.692736,461.012763,458.615092,460.935089
2023-12-20,460.080796,461.963988,454.120612,454.547729
2023-12-21,457.527851,459.129557,455.110776,458.857758
2023-12-22,459.983749,461.459258,457.887028,459.779907
2023-12-26,460.187625,462.624103,460.109951,461.721344
2023-12-27,461.517509,462.701784,460.983627,462.556183
2023-12-28,462.915365,463.565729,462.313525,462.730927
2023-12-29,462.536735,463.060930,459.440147,461.391296
2024-01-02,458.333562,459.799354,456.712453,458.809204
2024-01-03,456.654154,457.391908,454.460355,455.062195
2024-01-04,454.586617,457.168727,453.373221,453.596497
2024-01-05,453.800282,456.663908,452.771325,454.217712
2024-01-08,454.712783,460.847719,454.586585,460.702118
2024-01-09,458.052024,461.022414,457.547262,460.003174
2024-01-10,460.275022,463.468688,459.993506,462.604736
2024-01-11,463.604527,464.119006,458.430621,462.400848
2024-01-12,463.847257,464.585011,461.313701,462.721222
2024-01-16,461.342783,462.653227,459.207195,461.022430
2024-01-17,458.003540,458.945136,456.110630,458.459778
2024-01-18,460.129415,463.090089,458.585979,462.536774
2024-01-19,463.662802,468.584342,462.585320,468.302826
2024-01-22,469.836537,471.011096,468.642545,469.292938
2024-01-23,469.836505,470.904270,468.749307,470.661591
2024-01-24,473.525265,474.457145,470.681073,471.176147
2024-01-25,473.301996,474.010630,471.176154,473.738831
2024-01-26,473.311746,474.796941,472.292505,473.137024
2024-01-29,473.447626,477.029573,472.904027,476.883942
2024-01-30,476.194753,477.223710,475.757919,476.515106
2024-01-31,474.311559,474.758080,468.720221,468.739655
2024-02-01,470.438361,474.903663,469.632649,474.874542
2024-02-02,475.311369,481.523949,474.971612,479.873749
2024-02-05,479.242843,479.902923,475.874455,478.126495
2024-02-06,479.068067,479.844658,477.641112,479.514618
2024-02-07,481.756982,483.931378,480.854193,483.513977
2024-02-08,483.514011,484.106134,482.698612,483.727570
2024-02-09,484.232256,486.959968,483.892500,486.523163
2024-02-12,486.494070,488.755827,485.591281,486.309631
2024-02-13,480.048468,482.533500,476.350040,479.611633
2024-02-14,482.242340,484.455573,479.922313,483.970215
2024-02-15,484.669159,487.493948,484.193487,487.309509
2024-02-16,487.008532,488.144253,484.144906,484.882660
2024-02-20,483.145106,483.814903,479.970873,482.213226
2024-02-21,480.912463,482.805343,479.106915,482.650024
2024-02-22,489.250880,493.599672,488.289851,492.638672
2024-02-23,494.356856,495.191687,492.250417,492.978455
2024-02-26,493.415204,493.852039,491.046654,491.172852
2024-02-27,491.862112,492.308633,489.969203,492.085358
2024-02-28,490.532239,492.017434,490.173079,491.435028
2024-02-29,493.192004,494.813084,490.551653,493.201691
2024-03-01,494.075331,498.259088,493.667617,497.831970
2024-03-04,497.036073,499.142512,497.006923,497.298126
2024-03-05,495.298455,495.745006,490.124548,492.328064
2024-03-06,495.599346,497.074854,493.531744,494.822784
2024-03-07,498.113600,500.783071,494.881096,499.734680
2024-03-08,500.365608,503.044736,496.162388,496.735107
2024-03-11,495.531483,496.890480,493.609453,496.308044
2024-03-12,498.414439,502.229348,495.900257,501.646942
2024-03-13,501.967288,502.142010,499.424015,500.860657
2024-03-14,501.831321,501.986669,496.832166,499.870514
2024-03-15,496.808134,498.259015,494.773036,496.438110
2024-03-18,500.498619,501.939725,498.979599,499.388550
2024-03-19,498.697241,502.446088,497.694267,502.163727
2024-03-20,502.222167,506.944747,501.550289,506.808411
2024-03-21,509.641960,510.343019,508.200795,508.483215
2024-03-22,508.395580,508.882447,507.285511,507.519257
2024-03-25,506.146247,507.266063,505.961235,506.117065
2024-03-26,507.538698,507.879540,504.783077,505.182281
2024-03-27,508.006062,509.466661,505.844344,509.427673
2024-03-28,509.466690,510.829880,509.047992,509.330353
2024-04-01,510.070329,510.605870,507.285409,508.444153
2024-04-02,504.627242,505.347795,502.913463,505.211517
2024-04-03,504.120838,507.266035,504.072164,505.766449
2024-04-04,509.768598,510.109381,499.291224,499.593079
2024-04-05,500.946505,506.769407,500.508313,504.812195
2024-04-08,505.513362,506.516276,504.286449,505.094604
2024-04-09,506.827922,507.071355,500.839442,505.678925
2024-04-10,499.992184,502.601780,498.638741,500.615387
2024-04-11,502.134488,505.834660,498.629074,504.393555
2024-04-12,500.858894,502.270819,495.707840,497.431366
2024-04-15,501.598921,501.764439,490.352290,491.199463
2024-04-16,491.676617,493.195637,489.018316,490.303650
2024-04-17,492.757416,492.922963,486.009455,487.401886
2024-04-18,488.794330,490.887849,485.464151,486.398926
2024-04-19,486.321048,487.314244,480.887603,482.153473
2024-04-22,484.753290,489.183791,482.416337,486.593658
2024-04-23,488.599579,492.796365,486.408681,492.367920
2024-04-24,493.254033,494.042755,489.914137,492.134247
2024-04-25,486.067893,491.024189,484.422283,490.264679
2024-04-26,493.049530,496.486805,492.416610,494.909363
2024-04-29,496.691259,497.333926,493.925862,496.662048
2024-04-30,495.201490,496.175223,488.794342,488.794342
2024-05-01,488.210097,494.841214,486.739751,487.207153
2024-05-02,490.907332,492.601647,486.428155,491.764221
2024-05-03,497.733212,499.086685,495.201501,497.859802
2024-05-06,500.255287,503.040149,499.817095,503.001221
2024-05-07,503.965073,504.948552,502.884244,503.556122
2024-05-08,501.725470,504.140308,501.608627,503.604767
2024-05-09,503.789777,506.545457,503.137393,506.506470
2024-05-10,508.103489,508.911704,505.941831,507.158997
2024-05-13,508.833764,508.940860,506.087831,507.227081
2024-05-14,507.421753,510.070337,506.886212,509.554230
2024-05-15,512.017880,516.156244,511.384930,515.864136
2024-05-16,515.961356,517.558292,514.656529,514.802612
2024-05-17,514.919582,515.610954,513.468730,515.542786
2024-05-20,515.659538,517.597256,515.270022,516.136658
2024-05-21,515.377327,517.558479,515.172822,517.402649
2024-05-22,516.711249,517.422054,513.741317,515.912781
2024-05-23,518.960599,519.067695,510.936992,512.144470
2024-05-24,513.984820,516.341296,513.040328,515.533081
2024-05-28,516.341249,516.574935,513.264220,515.893311
2024-05-29,511.871811,513.459000,511.569956,512.280762
2024-05-30,510.742248,511.404379,507.636038,508.882385
2024-05-31,509.836716,513.643985,504.744054,513.517395
2024-06-03,515.124142,515.406503,508.872735,513.936157
2024-06-04,512.631384,515.250728,511.170785,514.510681
2024-06-05,516.828149,520.645165,514.841696,520.625671
2024-06-06,520.927507,521.355952,518.687934,520.615906
2024-06-07,519.642129,522.787326,518.551553,519.982971
2024-06-10,519.174762,521.910948,518.580799,521.589600
2024-06-11,520.041409,522.904186,518.074450,522.845764
2024-06-12,527.402880,529.827466,526.107799,527.139954
2024-06-13,528.882919,529.058183,525.416433,528.201294
2024-06-14,526.672589,528.551886,525.669616,528.522705
2024-06-17,527.841028,534.121616,527.383343,532.729126
2024-06-18,532.787621,534.209293,532.368923,534.082703
2024-06-20,535.007685,535.669816,530.859574,532.631775
2024-06-21,531.810283,533.031375,530.462192,531.917725
2024-06-24,531.741855,534.301260,530.071379,530.188599
2024-06-25,531.409746,532.591785,529.895603,532.230347
2024-06-26,531.116613,533.607630,530.471903,532.894531
2024-06-27,532.757806,534.311062,532.015372,533.734680
2024-06-28,534.506350,537.554252,530.393749,531.634338
2024-07-01,533.011849,533.256067,529.973784,532.728577
2024-07-02,531.126400,536.313599,531.077568,536.313599
2024-07-03,536.001010,539.068409,535.961957,538.706970
2024-07-05,539.009792,542.213908,538.374800,541.813416
2024-07-08,542.594933,543.386199,541.373841,542.438660
2024-07-09,543.395891,544.294599,542.673014,542.966064
2024-07-10,544.187153,548.680749,543.894103,548.338867
2024-07-11,548.456218,549.325650,542.975968,543.610901
2024-07-12,544.734204,550.634501,544.265323,547.039612
2024-07-15,549.032504,551.777518,546.687983,548.544067
2024-07-16,549.853088,552.090108,549.100876,551.797058
2024-07-17,545.877213,547.547689,543.737857,544.060242
2024-07-18,545.593837,546.580489,537.700680,539.879089
2024-07-19,539.644738,541.266382,535.239027,536.294067
2024-07-22,540.211437,542.428960,538.277245,541.823303
2024-07-23,541.715641,543.864775,540.484830,540.973267
2024-07-24,536.167054,536.469883,527.795237,528.713501
2024-07-25,528.830752,534.799498,525.020979,525.958740
2024-07-26,529.739283,534.535708,528.967514,531.849304
2024-07-29,533.392736,534.398885,530.169004,532.161865
2024-07-30,533.627129,534.682170,526.066135,529.465637
2024-07-31,536.284264,540.699754,534.916677,538.071960
2024-08-01,539.791368,542.038167,526.955227,530.452454
2024-08-02,523.360239,524.571553,516.375566,520.576172
2024-08-05,499.807853,511.471731,498.469510,505.415100
2024-08-06,507.212505,517.499017,505.893749,510.074799
2024-08-07,516.248567,519.296469,506.069557,506.665436
2024-08-08,511.793993,519.003328,509.771917,518.378174
2024-08-09,517.557610,522.148930,516.336518,520.664062
2024-08-12,521.855886,523.340694,518.671267,520.937622
2024-08-13,524.122235,529.739261,523.878017,529.504761
2024-08-14,530.295961,532.357210,527.629114,531.175171
2024-08-15,536.792398,540.563118,536.186741,540.279846
2024-08-16,538.667908,542.184691,538.511635,541.491089
2024-08-19,541.901307,546.668457,541.051431,546.668457
2024-08-20,546.219146,547.870066,544.441228,545.779541
2024-08-21,546.824954,549.110807,541.901469,547.655273
2024-08-22,549.550280,550.155938,542.145558,543.356873
2024-08-23,546.590400,550.068070,544.402152,549.130249
2024-08-26,550.155849,550.868948,546.121355,547.821106
2024-08-27,546.551228,549.061801,545.408302,548.573364
2024-08-28,548.231592,548.661419,542.204236,545.388855
2024-08-29,547.352255,550.644316,544.294635,545.437561
2024-08-30,547.801671,551.152342,544.255613,550.644348
2024-09-03,547.508550,547.840713,536.802049,539.312622
2024-09-04,537.476085,541.608243,536.753208,538.208740
2024-09-05,538.150208,540.992885,534.447817,536.899780
2024-09-06,537.222118,538.843702,526.964940,527.863647
2024-09-09,532.054555,535.043788,530.130082,533.773804
2024-09-10,535.678706,536.450475,530.813892,536.098755
2024-09-11,536.010880,542.516836,527.473009,541.598572
2024-09-12,542.174920,546.463412,539.957397,546.160583
2024-09-13,546.766202,550.009431,546.512205,549.013000
2024-09-16,548.749194,550.087507,546.951780,549.823792
2024-09-17,552.031424,553.477238,547.821100,550.048401
2024-09-18,550.702966,555.538505,547.860289,548.417114
2024-09-19,557.804786,559.631536,554.942553,557.775452
2024-09-20,556.409620,557.850001,553.793323,556.811340
2024-09-23,557.879445,558.849507,556.664355,558.202759
2024-09-24,558.996487,559.858778,556.174455,559.799988
2024-09-25,559.643262,560.378165,557.458110,558.565369
2024-09-26,562.817932,563.141306,558.428132,560.779785
2024-09-27,561.847947,562.661197,558.937701,559.966553
2024-09-30,558.937716,562.818025,556.644853,562.210510
2024-10-01,561.857698,562.504386,554.606634,557.173889
2024-10-02,556.282243,558.428161,553.891356,557.409058
2024-10-03,555.939192,558.330078,554.106839,556.389954
2024-10-04,560.828783,561.818461,556.664334,561.446106
2024-10-07,559.799907,560.446655,555.223930,556.370361
2024-10-08,558.937559,562.229968,558.065520,561.632202
2024-10-09,561.622415,566.080872,561.024708,565.522339
2024-10-10,564.179976,565.953539,562.925713,564.532715
2024-10-11,564.454298,568.648172,564.317102,567.913269
2024-10-14,569.520288,573.488811,569.040161,572.557922
2024-10-15,572.822488,573.126246,566.894224,568.109314
2024-10-16,568.109259,571.097851,567.305758,570.578491
2024-10-17,574.115839,574.321633,570.441325,570.627502
2024-10-18,572.312836,573.606272,570.852839,572.822388
2024-10-21,572.097379,573.077249,568.912800,571.881836
2024-10-22,569.353678,572.734243,568.697182,571.578003
2024-10-23,569.559420,570.000373,562.857080,566.355225
2024-10-24,568.305234,568.383640,564.963902,567.580139
2024-10-25,569.804466,572.695096,566.443518,567.384155
2024-10-28,570.852896,570.980284,568.834365,569.138123
2024-10-29,568.177871,571.176272,566.786471,570.059265
2024-10-30,569.588798,571.577963,567.629057,568.334595
2024-10-31,563.974229,564.042827,556.997556,557.193542
2024-11-01,559.819558,563.964391,559.133637,559.545166
2024-11-04,559.682322,560.975758,556.458571,558.339905
2024-11-05,559.251259,565.130482,559.035716,565.091309
2024-11-06,577.339650,580.014677,573.606346,579.142578
2024-11-07,581.141564,584.639709,581.063158,583.620605
2024-11-08,584.169324,587.569506,584.169324,586.148682
2024-11-11,587.736066,588.088805,584.982633,586.707214
2024-11-12,586.628782,587.226488,582.405543,584.884644
2024-11-13,585.345193,587.167737,582.983731,585.168823
2024-11-14,585.296306,585.776433,580.720327,581.406189
2024-11-15,577.849163,578.319542,572.107137,573.959106
2024-11-18,574.419589,577.623784,573.557358,576.310791
2024-11-19,572.940099,579.142636,572.273794,578.417542
2024-11-20,578.495824,578.897544,572.861570,578.613403
2024-11-21,581.455080,583.140428,575.624840,581.719604
2024-11-22,581.709848,584.149775,581.210164,583.522644
2024-11-25,587.451947,588.764940,583.218899,585.502014
2024-11-26,586.746347,589.225448,586.031061,588.559143
2024-11-27,588.372950,588.755054,585.256970,586.775757
2024-11-29,587.588998,591.204722,587.314665,590.420837
2024-12-02,590.832317,592.155178,590.342382,591.479065
2024-12-03,591.244048,591.998508,590.215196,591.753540
2024-12-04,593.438873,595.672946,592.772568,595.427979
2024-12-05,595.427990,596.231491,594.095381,594.448120
2024-12-06,595.212465,596.809658,594.800936,595.575012
2024-12-09,595.457415,595.623976,591.920097,592.507996
2024-12-10,593.184168,593.605505,590.009397,590.665894
2024-12-11,593.585820,596.182440,593.311427,595.231995
2024-12-12,594.369809,594.938090,592.165100,592.165100
2024-12-13,594.193404,594.908690,590.675643,592.047485
2024-12-16,593.801424,595.545622,593.027348,594.575500
2024-12-17,592.027891,592.988145,590.754072,592.125854
2024-12-18,591.822113,594.203191,574.096291,574.478455
2024-12-19,579.456130,581.063131,574.057034,574.302002
2024-12-20,571.977888,585.722563,571.132318,581.200012
2024-12-23,580.944271,585.280016,577.768597,584.680298
2024-12-24,586.027345,591.218503,585.447250,591.179138
2024-12-26,589.409389,592.339211,588.013307,591.218445
2024-12-27,587.482380,587.718391,580.816530,584.994995
2024-12-30,577.994812,581.779985,574.573345,578.319214
2024-12-31,579.980762,580.698516,574.583178,576.215271
2025-01-02,579.469549,581.180252,570.729169,574.799500
2025-01-03,577.640863,582.625474,576.559342,581.986450
2025-01-06,586.233767,589.606027,583.608665,585.339050
2025-01-07,587.364441,587.688903,576.903575,578.722412
2025-01-08,578.791190,580.639551,575.350101,579.567871
2025-01-10,576.018714,576.087543,568.812072,570.719421
2025-01-13,566.078907,571.958235,565.665933,571.604309
2025-01-14,574.524205,575.153448,568.615354,572.390747
2025-01-15,580.393716,583.942939,579.282731,582.802490
2025-01-16,584.169086,584.346049,580.983631,581.681702
2025-01-17,586.912169,589.271737,585.584856,587.521729
2025-01-21,590.559713,592.909499,588.593376,592.899658
2025-01-22,595.721338,597.589382,595.170766,596.232605
2025-01-23,595.603351,599.486877,595.328095,599.486877
2025-01-24,599.545873,600.499577,596.586526,597.736816
2025-01-27,584.798250,589.596115,584.631128,589.281494
2025-01-28,590.510529,595.180579,587.197257,594.344910
2025-01-29,593.558306,593.961438,589.134049,591.680481
2025-01-30,593.794422,596.389942,590.608906,594.856201
2025-01-31,597.274758,599.693373,590.933310,591.690369
2025-02-03,582.694363,590.186101,580.551063,587.708557
2025-02-04,587.767596,592.162330,587.226865,591.651123
2025-02-05,590.530227,594.197426,588.504903,594.049927
2025-02-06,595.790101,596.242380,592.486670,596.114563
2025-02-07,596.675067,597.894186,589.950169,590.658081
2025-02-10,593.863227,595.308456,592.594902,594.669373
2025-02-11,592.408089,595.662374,592.290113,595.121643
2025-02-12,589.114453,594.374379,588.436065,593.204407
2025-02-13,594.305590,599.673711,593.047166,599.467224
2025-02-14,599.673634,600.705949,598.818282,599.437683
2025-02-18,600.597853,601.197571,598.139932,601.197571
2025-02-19,599.811337,602.908281,599.300070,602.613342
2025-02-20,601.246711,601.384369,596.802831,600.106262
2025-02-21,599.889993,600.027651,589.379921,589.842041
2025-02-24,591.886996,592.880006,586.450047,587.157959
2025-02-25,587.098968,587.826503,579.636695,584.237915
2025-02-26,585.899516,589.488105,581.898014,584.532898
2025-02-27,586.803949,587.954299,574.809344,575.202576
2025-02-28,575.704049,584.709844,572.636568,584.178955
2025-03-03,586.145245,587.285753,570.139296,573.944153
2025-03-04,569.952579,575.536968,562.618121,567.150513
2025-03-05,566.983377,575.035528,563.434154,573.246155
2025-03-06,565.793648,570.404709,560.523880,563.070312
2025-03-07,561.290854,567.671607,556.109537,566.226318
2025-03-10,558.036489,559.953619,546.238470,551.144470
2025-03-11,549.984455,554.526689,542.728667,546.562988
2025-03-12,552.707700,553.631881,544.370452,549.463257
2025-03-13,549.089617,549.699177,540.427908,542.138611
2025-03-14,546.749735,554.339826,542.207502,553.336975
2025-03-17,553.317283,560.120851,552.884687,557.603943
2025-03-18,555.293432,555.509761,549.650056,551.577087
2025-03-19,553.356617,561.339939,552.176803,557.584229
2025-03-20,553.848185,560.966313,553.130431,555.971802
2025-03-21,551.520469,557.052621,550.287812,556.155212
2025-03-24,562.880651,567.170335,562.289000,566.115173
2025-03-25,567.318260,568.412846,565.730612,567.476074
2025-03-26,567.209762,568.333960,559.320755,560.701355
2025-03-27,559.310808,562.979227,557.101896,559.212219
2025-03-28,557.683801,558.413525,547.368903,547.950684
2025-03-31,542.201546,552.930599,539.282592,551.628906
2025-04-01,549.715829,555.129650,545.998115,553.186951
2025-04-02,547.349162,559.547534,547.112501,556.687805
2025-04-03,537.547015,540.367320,529.253723,529.253723
2025-04-04,516.404492,518.573980,498.052704,498.269653
2025-04-07,482.402888,515.911423,475.115403,497.382141
2025-04-08,514.619647,517.696355,482.373348,489.591797
2025-04-09,486.593889,541.008301,486.209286,541.008301
2025-04-10,524.786603,526.098167,502.253650,517.301941
2025-04-11,515.753755,528.987549,512.854542,526.532104
2025-04-14,536.501853,536.728703,526.453226,531.640259
2025-04-15,532.182540,535.693146,529.362234,530.151123
2025-04-16,524.303379,530.427242,513.071391,518.366882
2025-04-17,520.319421,523.800414,516.641131,519.106445
2025-04-21,513.929300,514.461847,501.405521,506.750336
2025-04-22,512.923475,521.956360,511.986643,519.934814
2025-04-23,532.932017,537.862646,526.472904,527.991516
2025-04-24,529.273457,539.834887,528.021118,539.105164
2025-04-25,539.065794,543.404712,536.146840,543.000427
2025-04-28,543.740005,545.870011,537.458388,543.207458
2025-04-29,541.294359,547.743661,540.939368,546.629333
2025-04-30,539.972923,548.798761,534.006874,546.846191
2025-05-01,552.595343,556.244021,550.120157,550.721680
2025-05-02,556.894803,560.494186,554.577432,558.896667
2025-05-05,554.764812,558.788222,553.906887,555.691772
2025-05-06,550.189255,555.534041,549.232742,551.047180
2025-05-07,552.378437,555.997502,548.325414,553.364563
2025-05-08,557.397771,562.397437,553.906907,557.220276
2025-05-09,558.620517,559.626385,554.952158,556.510254
2025-05-12,573.402559,574.911360,569.034029,574.901489
2025-05-13,575.315655,580.907032,574.753617,578.698120
2025-05-14,579.654724,580.808475,577.416199,579.437805
2025-05-15,577.435903,582.770818,576.982264,582.267944
2025-05-16,583.046910,586.251819,581.104271,585.955994
2025-05-19,579.940635,587.277414,579.940635,586.596985
2025-05-20,584.861355,585.807997,581.419725,584.624634
2025-05-21,580.275915,584.358490,573.747766,574.773315
2025-05-22,574.576035,578.481115,573.343378,575.000122
2025-05-23,567.988739,573.737869,567.614006,571.075317
2025-05-27,577.938828,583.106118,570.404811,582.948364
2025-05-28,583.352685,584.545919,578.846082,579.575806
2025-05-29,584.831835,584.969907,577.938825,581.863586
2025-05-30,580.759129,582.928618,575.148070,581.212769
2025-06-02,579.605299,584.565480,576.942747,584.486633
2025-06-03,584.121852,588.796079,583.638600,587.819824
2025-06-04,588.677726,589.653981,587.228090,587.661987
2025-06-05,589.338372,590.689360,582.849648,584.821899
2025-06-06,590.354072,592.494009,588.579058,590.827454
2025-06-09,591.399287,592.908088,590.186371,591.359863
2025-06-10,591.892464,595.097373,590.778197,594.712830
2025-06-11,595.807354,596.665279,590.955632,593.016602
2025-06-12,591.685373,595.373474,591.202181,595.373474
2025-06-13,590.196352,593.499850,587.218232,588.717163
2025-06-16,592.070024,596.063822,591.892468,594.318359
2025-06-17,591.882617,593.401229,588.480471,589.239807
2025-06-18,590.137127,592.878525,588.194428,589.151001
2025-06-20,591.822440,592.890621,586.362913,587.767395
2025-06-23,588.519013,593.958739,585.403570,593.573059
2025-06-24,597.707269,601.188653,596.797308,600.130432
2025-06-25,601.247996,601.940337,598.903973,600.466675
2025-06-26,602.316108,605.599731,601.702907,605.164551
2025-06-27,606.163603,609.635148,604.136081,608.171326
2025-06-30,610.614281,612.434083,608.299898,611.079102
2025-07-01,609.605385,612.048348,608.774624,610.881287
2025-07-02,610.475730,613.690114,609.852629,613.650574
2025-07-03,615.628656,619.416701,615.608856,618.487000
2025-07-07,616.528613,617.191314,611.098788,613.877991
2025-07-08,614.540690,615.292371,612.730788,613.541809
2025-07-09,615.945167,617.873749,614.105505,617.221008
2025-07-10,617.359489,620.000212,616.182528,618.961731
2025-07-11,615.915406,618.012168,614.718705,616.785767
2025-07-14,616.330827,618.308909,614.985745,617.962769
2025-07-15,620.643067,620.979307,615.242881,615.322021
2025-07-16,616.904491,617.883632,611.276845,617.379211
2025-07-17,617.557346,621.513510,617.339725,621.157410
2025-07-18,622.403514,622.571634,619.594671,620.702393
2025-07-21,621.879395,624.618997,621.454114,621.879395
2025-07-22,622.205805,622.828906,619.327722,621.968445
2025-07-23,624.628943,627.259827,622.828881,627.259827
2025-07-24,627.645427,629.178489,627.042127,627.467407
2025-07-25,628.130181,630.592884,627.882921,630.118103
2025-07-28,630.493960,631.047821,628.575218,629.959900
2025-07-29,631.354382,631.670883,627.388378,628.298279
2025-07-30,628.950980,630.691702,624.618976,627.507019
2025-07-31,632.452266,632.837946,623.857496,625.153137
2025-08-01,619.436441,619.476042,612.503254,614.906616
2025-08-04,618.813326,624.302492,618.724346,624.253052
2025-08-05,624.866279,625.677300,620.168334,621.088135
2025-08-06,622.156295,626.498200,621.246394,625.845459
2025-08-07,629.267492,629.999373,622.215625,625.321228
2025-08-08,627.111401,630.662085,626.794901,630.197205
2025-08-11,630.474212,631.947874,627.704848,628.951050
2025-08-12,631.295045,635.805071,629.811484,635.646851
2025-08-13,637.842494,639.108495,635.636951,637.822754
2025-08-14,635.745717,638.544721,635.300697,637.882080
2025-08-15,638.910654,639.009594,635.478710,636.388611
2025-08-18,635.814942,636.942463,635.142401,636.250122
2025-08-19,636.072125,637.051266,631.482959,632.798401
2025-08-20,632.392967,632.650067,626.013639,631.117065
2025-08-21,629.307124,630.978546,626.864161,628.585083
2025-08-22,630.770850,639.415059,630.266429,638.238098
2025-08-25,636.982062,638.218364,635.310580,635.429260
2025-08-26,635.162199,638.435922,634.539098,638.089722
2025-08-27,637.506279,640.275582,637.357898,639.543701
2025-08-28,640.146951,642.362393,638.267809,641.808533
2025-08-29,640.374420,640.740420,636.091915,637.980957
2025-09-02,630.513694,633.470917,627.961951,633.253357
2025-09-03,635.627022,637.150183,633.441279,636.685303
2025-09-04,637.357782,642.035987,636.457781,642.006287
2025-09-05,644.340436,645.062477,636.279788,640.146912
2025-09-08,641.511823,642.718485,640.137042,641.719543
2025-09-09,641.858044,643.727346,640.127222,643.203186
2025-09-10,646.457021,647.376822,643.499798,645.062500
2025-09-11,647.010953,651.115498,646.427452,650.423157
2025-09-12,650.393426,651.886887,649.701145,650.205505
2025-09-15,652.411134,653.795755,652.114434,653.667175
2025-09-16,654.221012,654.527673,651.985830,652.767151
2025-09-17,652.777037,654.468258,647.129590,651.956116
2025-09-18,654.636440,657.603563,653.034198,655.002380
2025-09-19,656.887783,659.089513,654.943866,658.246521
2025-09-22,656.758829,661.806972,656.729047,661.360718
2025-09-23,661.241729,661.856690,656.540686,657.760620
2025-09-24,659.049861,659.149015,654.249604,655.667847
2025-09-25,652.533863,653.991755,649.032839,652.642944
2025-09-26,654.090941,656.927427,652.474330,656.381958
2025-09-29,658.901090,659.813574,656.421632,658.226685
2025-09-30,657.482820,661.172285,656.173659,660.706116
2025-10-01,657.720875,663.869943,657.611793,662.957520
2025-10-02,664.941004,665.060013,661.301177,663.721069
2025-10-03,664.484863,667.152763,662.669883,663.711304
2025-10-06,666.101419,666.984121,663.959194,666.091492
2025-10-07,667.013830,667.460144,662.183851,663.621948
2025-10-08,664.742677,667.678377,663.919480,667.579163
2025-10-09,667.995785,668.402389,663.711274,665.645203
2025-10-10,666.607197,668.412249,647.475722,647.654236
2025-10-13,655.221603,659.664772,654.348829,657.591919
2025-10-14,651.770154,660.359030,647.803021,656.788574
2025-10-15,661.340873,664.722827,653.515689,659.704407
2025-10-16,661.340821,663.215306,651.710585,655.211609
2025-10-17,654.081013,660.289585,652.732202,658.930847
2025-10-20,661.836780,666.686614,661.787203,665.784058
2025-10-21,665.922901,667.460152,664.474875,665.774109
2025-10-22,666.478307,666.478307,657.849781,662.312805
2025-10-23,662.630190,667.182502,662.312812,666.240295
2025-10-24,670.901694,672.895127,670.098352,671.685181
2025-10-27,677.120172,679.907081,676.515199,679.609558
2025-10-28,681.404623,683.249325,679.202894,681.414551
2025-10-29,683.060910,684.032899,677.259003,681.741882
2025-10-30,678.280584,680.303800,674.244019,674.244019
2025-10-31,679.411122,679.450832,673.658792,676.455627
2025-11-03,680.035909,680.164845,674.353011,677.725098
2025-11-04,670.554497,674.372898,669.037100,669.691650
2025-11-05,669.433779,675.265468,668.630437,672.012451
2025-11-06,670.911543,671.814099,663.225223,664.802185
2025-11-07,662.421872,665.565868,655.776973,665.456726
2025-11-10,671.675197,676.574608,669.483395,675.840698
2025-11-11,674.363013,677.953263,673.153006,677.387939
2025-11-12,679.163219,679.331866,675.354806,677.764832
2025-11-13,674.908514,675.265541,665.010536,666.518005
2025-11-14,659.912646,670.108145,657.819998,666.408813
2025-11-17,664.197233,668.174293,656.729076,660.200317
2025-11-18,656.659611,659.654815,650.470894,654.656250
2025-11-19,655.350528,661.856623,653.337179,657.185303
2025-11-20,667.380821,670.009071,646.533579,647.168335
2025-11-21,649.667530,659.089470,645.502029,653.614868
2025-11-24,657.244820,664.554257,656.153882,663.235168
2025-11-25,663.136062,670.653796,659.020137,669.473572
2025-11-26,672.062071,676.098636,671.159515,674.095215
2025-11-28,675.265479,678.052387,674.908451,677.774719
2025-12-01,673.232334,677.377980,673.162902,674.680359
2025-12-02,676.316742,678.201154,673.748058,675.929993
2025-12-03,674.977902,679.282208,674.105128,678.270630
2025-12-04,679.668976,679.738408,675.741553,678.766479
2025-12-05,679.837562,682.733613,678.954921,680.055786
2025-12-08,680.948395,680.997972,675.969625,678.012695
2025-12-09,677.536754,679.758339,676.981358,677.427612
2025-12-10,676.951566,683.308870,675.711837,681.920410
2025-12-11,679.510347,683.586562,676.564720,683.507202
2025-12-12,682.515446,683.219634,673.589397,676.158142
2025-12-15,680.105440,680.125296,673.668777,675.136597
2025-12-16,673.648898,675.483733,669.433819,673.291870
2025-12-17,674.303469,674.848938,665.684871,665.883240
2025-12-18,672.032280,675.146494,669.354514,670.911560
2025-12-19,673.013454,677.489666,672.894033,676.992310
2025-12-22,680.324590,681.737067,676.992323,681.209900
2025-12-23,680.304621,684.562025,680.254897,684.323303
2025-12-24,684.313382,687.178163,684.164151,686.730530
2025-12-26,686.989161,688.003728,685.626408,686.660889
2025-12-29,683.905508,685.556767,682.443308,684.213867
2025-12-30,683.816033,684.920151,682.950637,683.378357
2025-12-31,683.507684,683.726492,678.106396,678.315247
2026-01-02,682.085206,683.239047,676.226327,679.558594
2026-01-05,682.910779,685.785516,682.751651,684.084534
2026-01-06,684.293460,688.660268,684.144289,688.152954
2026-01-07,688.530942,690.291605,685.676118,685.934753
2026-01-08,685.178757,686.969230,683.855771,685.865112
2026-01-09,686.979183,691.634436,685.536836,690.401001
2026-01-12,687.028931,692.410367,686.979207,691.485229
2026-01-13,691.813479,692.410343,687.695349,690.102600
2026-01-14,687.347264,688.063429,682.413461,686.710632
2026-01-15,690.898389,691.773742,687.595932,688.580688
2026-01-16,689.993151,690.580059,686.451972,688.003723
2026-01-20,677.887473,681.150163,672.993498,673.998169
2026-01-21,676.057251,685.099166,674.545267,681.776855
2026-01-22,686.203348,687.476611,683.288843,685.337952
2026-01-23,684.512301,687.307444,683.527483,685.586548
2026-01-26,686.839905,690.460678,686.272911,689.068054
2026-01-27,690.510404,692.848018,689.903643,691.813477
2026-01-28,693.365224,694.151086,690.271678,691.743835
2026-01-29,692.708769,693.375210,681.209879,690.371155
2026-01-30,688.133032,690.540283,683.487735,688.312073
2026-02-02,685.934810,693.245932,685.775621,691.733948
2026-02-03,692.529690,693.275726,680.414084,685.885010
2026-02-04,686.700666,687.794888,678.156108,682.562683
2026-02-05,677.340421,680.075884,672.217621,674.037964
2026-02-06,677.857687,688.650307,677.250865,686.969238
2026-02-09,685.775594,692.191511,684.701347,690.281677
2026-02-10,691.276361,692.857922,688.003714,688.461304
2026-02-11,692.708760,693.454795,685.536852,688.302185
2026-02-12,690.570110,691.674228,676.773434,677.668701
2026-02-13,678.086438,682.652201,673.938498,678.146118
2026-02-17,676.544660,681.319274,672.207722,679.240295
2026-02-18,680.404150,685.507037,679.220438,682.662109
2026-02-19,680.225063,682.552659,677.947129,680.861633
2026-02-20,678.713182,686.412258,678.126274,685.785583
2026-02-23,684.194021,686.352533,676.773435,678.782776
2026-02-24,678.295350,684.711205,676.405370,683.716492
2026-02-25,686.531569,690.013068,686.451975,689.485901
2026-02-26,689.615191,689.635044,680.732344,685.656189
2026-02-27,679.479075,683.229105,678.036728,682.363708
2026-03-02,675.112314,684.979858,674.435916,682.751709
2026-03-03,671.491542,679.001620,666.120063,676.733704
2026-03-04,678.026742,683.457901,676.027357,681.508240
2026-03-05,678.474445,681.906220,672.038615,677.708496
2026-03-06,669.850207,672.535947,666.219538,668.825684
2026-03-09,662.867365,676.325812,658.888510,674.684570
2026-03-10,674.137404,679.747605,671.193090,673.600281
2026-03-11,673.998214,676.484999,669.780637,672.754822
2026-03-12,667.612079,668.099539,662.350064,662.539062
2026-03-13,665.732145,668.785924,657.863925,658.789001
2026-03-16,664.846820,668.517316,663.593471,665.493408
2026-03-17,668.835597,670.874748,666.159815,667.244019
2026-03-18,664.826892,666.179688,657.694811,657.933533
2026-03-19,653.497138,659.475378,651.706665,656.312195
2026-03-20,654.823042,655.002572,643.063299,646.903442
2026-03-23,656.379013,660.917309,652.259621,653.695923
2026-03-24,649.646381,655.341731,648.210079,651.501587
2026-03-25,656.977424,659.191751,652.558815,655.132202
2026-03-26,650.384433,653.167242,643.163047,643.432373
2026-03-27,640.848995,641.008557,631.483109,632.460632
2026-03-30,638.465168,638.724509,627.663040,630.346069
2026-03-31,637.298154,649.865752,636.340599,648.668884
2026-04-01,652.219752,656.827875,651.322040,653.556274
2026-04-02,644.758922,656.508680,643.452290,654.144775
2026-04-06,654.174698,658.024765,653.835605,657.236816
2026-04-07,654.962659,657.915013,649.386996,657.526001
2026-04-08,674.651978,675.340207,669.734653,674.272949
2026-04-09,673.105924,679.409630,672.038666,678.162842
2026-04-10,679.569256,680.277454,676.706636,677.714050
2026-04-13,675.669302,684.536473,674.841479,684.336975
2026-04-14,685.922914,692.795224,685.892962,692.675537
2026-04-15,693.473452,698.480572,692.416178,698.141418
2026-04-16,699.258561,700.974173,696.735093,699.856995
2026-04-17,704.325525,710.559465,703.946497,708.315247
2026-04-20,706.958708,708.085748,704.325477,706.898804
2026-04-21,708.454894,709.452324,700.834511,702.270813
2026-04-22,707.327803,709.621881,706.400139,709.382507
2026-04-23,707.676867,710.529504,700.475449,706.629578
2026-04-24,708.923663,712.634075,707.188144,712.105469
2026-04-27,711.337415,713.791115,710.469655,713.332275
2026-04-28,709.990877,711.048151,707.427474,709.861206
2026-04-29,709.172999,710.369928,706.549752,709.751526
2026-04-30,712.793681,717.940395,708.624429,716.813293
2026-05-01,719.396652,723.007345,718.618627,718.798218
2026-05-04,718.219682,720.264402,713.152719,716.164978
2026-05-05,719.915356,723.176912,719.636047,721.910217
2026-05-06,726.288862,732.702393,725.949770,731.944336
2026-05-07,733.161188,734.238430,727.874820,729.700134
2026-05-08,733.041519,736.183449,732.682459,735.724609
2026-05-11,734.557616,738.886430,734.557616,737.400269
2026-05-12,734.996479,736.941480,729.949484,736.283142
2026-05-13,736.572367,741.998391,733.580076,740.402527
2026-05-14,741.739153,747.604049,741.649358,746.247498
2026-05-15,739.883893,741.549645,736.063778,737.270630
2026-05-18,737.928914,739.514794,731.505460,736.751953
2026-05-19,732.891955,735.754576,729.650306,731.844604
2026-05-20,733.819533,739.963678,732.004203,739.345276
2026-05-21,736.741990,742.955962,735.136142,740.811462
2026-05-22,744.322433,747.015507,742.566946,743.723999
2026-05-26,748.082789,750.197337,746.446989,748.661316
2026-05-27,748.950520,749.449235,746.297321,748.531616
2026-05-28,748.322152,753.209585,747.304753,752.660950
2026-05-29,753.957667,756.132058,752.750754,754.536133
2026-06-01,753.418999,758.326400,752.750738,756.590820
2026-06-02,755.084774,758.446109,754.805464,757.618225
2026-06-03,756.201867,756.850160,751.633619,752.301880
2026-06-04,750.167364,756.361428,749.538978,755.144592
2026-06-05,750.376868,750.885567,733.640017,735.654785
2026-06-08,741.449811,743.424764,736.293113,737.320435
2026-06-09,741.719176,744.980793,720.733262,735.156067
2026-06-10,731.505486,736.482654,723.466199,723.565918
2026-06-11,726.887384,738.098492,722.548526,735.864258
2026-06-12,738.806688,742.527084,733.141291,739.843994
2026-06-15,749.917997,754.735603,749.828262,752.890381
2026-06-16,752.611105,753.498832,747.953122,748.401978
2026-06-17,749.359442,750.217279,737.320450,739.056030
2026-06-18,747.760010,748.229980,743.859985,746.739990
2026-06-22,747.700012,750.179993,743.130005,744.390015
2026-06-23,733.809998,739.630005,732.299988,733.580017
2026-06-24,735.169983,739.950012,730.840027,733.239990
2026-06-25,738.909973,739.369995,729.599976,734.299988
2026-06-26,728.950012,736.530029,716.580017,728.989990
2026-06-29,736.530029,741.559998,732.090027,741.000000
2026-06-30,741.289978,748.020020,740.890015,746.770020
2026-07-01,745.000000,749.440002,742.380005,745.760010
2026-07-02,747.400024,751.309998,740.030029,744.780029
2026-07-06,748.739990,752.409973,747.409973,751.280029
2026-07-07,750.219971,750.960022,745.210022,747.710022
2026-07-08,743.159973,746.150024,739.510010,745.400024
2026-07-09,747.349976,751.969971,745.590027,751.710022
2026-07-10,752.049988,755.419983,748.099976,754.950012
2026-07-13,752.469971,753.909973,748.000000,749.169983
2026-07-14,750.909973,753.340027,748.659973,751.830017
2026-07-15,754.239990,755.580017,750.200012,754.809998
2026-07-16,752.760010,754.570007,747.880005,750.719971
2026-07-17,742.080017,747.289978,740.799988,743.289978
2026-07-20,747.059998,748.729980,741.510010,742.090027
2026-07-21,746.289978,749.039978,744.179993,748.280029
2026-07-22,746.619995,750.020020,746.369995,747.409973
2026-07-23,739.369995,742.559998,735.210022,738.179993
2026-07-24,738.510010,743.719971,737.289978,738.929993
2026-07-27,744.909973,745.530029,735.869995,739.090027
2026-07-28,739.190002,742.789978,735.979980,740.859985
2026-07-29,739.969971,742.679993,729.099976,729.460022
2026-07-30,736.049988,742.450012,734.590027,741.690002
2026-07-31,744.679993,748.900024,737.679993,747.030029
2026-08-03,749.440002,758.580017,748.799988,757.669983
2026-08-04,760.630005,773.409973,760.520020,771.330017
2026-08-05,775.849976,776.849976,769.510010,769.789978
2026-08-06,770.210022,771.820007,767.460022,768.559998
2026-08-07,771.020020,773.919983,769.609985,773.260010
2026-08-10,772.599976,775.049988,771.619995,773.030029
2026-08-11,774.530029,774.609985,769.200012,770.559998
2026-08-12,774.710022,774.900024,771.280029,772.489990
2026-08-13,774.869995,779.369995,774.109985,777.880005
2026-08-14,778.539978,778.799988,775.429993,776.340027
2026-08-17,776.179993,776.780029,772.510010,772.669983
2026-08-18,768.700012,769.500000,766.919983,767.450012
2026-08-19,770.359985,772.469971,768.099976,769.059998
2026-08-20,765.960022,768.150024,762.039978,762.599976
2026-08-21,766.049988,767.849976,764.169983,765.719971
2026-08-24,764.780029,765.219971,762.080017,763.469971
2026-08-25,766.159973,766.780029,763.049988,765.909973
2026-08-26,764.729980,767.349976,763.929993,766.080017
2026-08-27,768.500000,772.359985,767.159973,771.099976
2026-08-28,771.760010,775.299988,768.309998,769.349976
2026-08-31,767.330017,768.000000,764.719971,767.049988
